Product_Collection,Vertical_Segment,Processor_Number,Recommended_Customer_Price,nb_of_Cores,nb_of_Threads,Processor_Base_Frequency,Max_Turbo_Frequency,Cache,Bus_Speed,TDP,Embedded_Options_Available,Conflict_Free,Max_Memory_Size,Memory_Types,Max_nb_of_Memory_Channels,Max_Memory_Bandwidth,ECC_Memory_Supported,PCI_Express_Revision,PCI_Express_Configurations_,Max_nb_of_PCI_Express_Lanes,T,Intel_Hyper_Threading_Technology_,Intel_Virtualization_Technology_VTx_,Intel_64_,Instruction_Set,Instruction_Set_Extensions,Idle_States,Thermal_Monitoring_Technologies,Secure_Key,Execute_Disable_Bit,,,,,,
Intel Atom Processor C Series,Server,C2350,$43.00 ,2,2,1.70 GHz,2.00 GHz,1 MB,,6 W,No,Yes,16 GB,DDR3/DDR3L 1333,1,10.7 GB/s,Yes,2,x1,x2,x4,4,98Â°C ,No,Yes,,64-bit,,,,,,,,,
Intel Atom Processor C Series,Server,C2530,$70.00 ,4,4,1.70 GHz,2.40 GHz,2 MB,,9 W,No,Yes,32 GB,DDR3/DDR3L 1333,2,21.3 GB/s,Yes,2,x1,x2,x4,x8,8,97Â°C,No,Yes,,64-bit,,,,,,,,
Intel Atom Processor C Series,Server,C2550,$86.00 ,4,4,2.40 GHz,2.60 GHz,2 MB,,14 W,No,Yes,64 GB,DDR3/DDR3L 1600,2,25.6 GB/s,Yes,2,x1,x2,x4,x8,x16,16,96Â°C ,No,Yes,,64-bit,,,,,,,
Intel Atom Processor C Series,Server,C2730,$150.00 ,8,8,1.70 GHz,2.40 GHz,4 MB,,12 W,No,Yes,32 GB,DDR3/DDR3L 1600,2,25.6 GB/s,Yes,2,x1,x2,x4,x8,8,97Â°C,No,Yes,,64-bit,,,,,,,,
Intel Atom Processor C Series,Server,C2750,$171.00 ,8,8,2.40 GHz,2.60 GHz,4 MB,,20 W,No,Yes,64 GB,DDR3/DDR3L 1600,2,25.6 GB/s,Yes,2,x1,x2,x4,x8,x16,16,97Â°C,No,Yes,,64-bit,,,,,,,
Intel Atom Processor C Series,Server,C3958,$449.00 ,16,16,2.00 GHz,2.00 GHz,16 MB,,31 W,Yes,Yes,256 GB,DDR4: 2400,2,,Yes,3,x2,x4,x8,16,83Â°C,100Â°C,No,Yes,,64-bit,,,,No,Yes,,,
Intel Atom Processor C Series,Server,C3955,$434.00 ,16,16,2.10 GHz,2.40 GHz,16 MB,,32 W,No,Yes,256 GB,DDR4: 2400,2,,Yes,3,x2,x4,x8,16,78Â°C,100Â°C,No,Yes,,64-bit,,,,No,Yes,,,
Intel Atom Processor C Series,Server,C3950,$389.00 ,16,16,1.70 GHz,2.20 GHz,16 MB,,24 W,No,Yes,256 GB,DDR4: 2400,2,,Yes,3,x2,x4,x8,16,78Â°C,100Â°C,No,Yes,,64-bit,,,,No,Yes,,,
Intel Atom Processor C Series,Server,C3830,$289.00 ,12,12,1.90 GHz,2.30 GHz,12 MB,,21.5 W,No,Yes,256 GB,DDR4: 2133,2,,Yes,3,x2,x4,x8,12,85Â°C,100Â°C,No,Yes,,64-bit,,,,No,Yes,,,
Intel Atom Processor C Series,Server,C3858,$332.00 ,12,12,2.00 GHz,2.00 GHz,12 MB,,25 W,Yes,Yes,256 GB,DDR4: 2400,2,,Yes,3,x2,x4,x8,16,83Â°C,100Â°C,No,Yes,,64-bit,,,,No,Yes,,,
Intel Atom Processor C Series,Server,C3850,$323.00 ,12,12,2.10 GHz,2.40 GHz,12 MB,,25 W,No,Yes,256 GB,DDR4: 2400,2,,Yes,3,x2,x4,x8,16,78Â°C,100Â°C,No,Yes,,64-bit,,,,No,Yes,,,
Intel Atom Processor C Series,Server,C3808,$369.00 ,12,12,2.00 GHz,2.00 GHz,12 MB,,25 W,Yes,Yes,256 GB,DDR4: 2133,2,,Yes,3,x2,x4,x8,16,86Â°C,100Â°C,No,Yes,,64-bit,,,,No,Yes,,,
Intel Atom Processor C Series,Server,C3758,$193.00 ,8,8,2.20 GHz,2.20 GHz,16 MB,,25 W,Yes,Yes,256 GB,DDR4: 2400,2,,Yes,3,x2,x4,x8,16,82Â°C,100Â°C,No,Yes,,64-bit,,,,No,Yes,,,
Intel Atom Processor C Series,Server,C3750,$171.00 ,8,8,2.20 GHz,2.40 GHz,16 MB,,21 W,No,Yes,256 GB,DDR4: 2400,2,,Yes,3,x2,x4,x8,12,84Â°C,100Â°C,No,Yes,,64-bit,,,,No,Yes,,,
Intel Atom Processor C Series,Server,C3708,$209.00 ,8,8,1.70 GHz,1.70 GHz,16 MB,,17 W,Yes,Yes,256 GB,DDR4: 2133,2,,Yes,3,x2,x4,x8,16,85Â°C,100Â°C,No,Yes,,64-bit,,,,No,Yes,,,
Intel Atom Processor C Series,Server,C3558,$86.00 ,4,4,2.20 GHz,2.20 GHz,8 MB,,16 W,Yes,Yes,256 GB,DDR4: 2133,2,,Yes,3,x2,x4,x8,12,83Â°C,100Â°C,No,Yes,,64-bit,,,,No,Yes,,,
Intel Atom Processor C Series,Server,C3538,$75.00 ,4,4,2.10 GHz,2.10 GHz,8 MB,,15 W,Yes,Yes,256 GB,DDR4: 2133,2,,Yes,3,x2,x4,x8,12,87Â°C,100Â°C,No,Yes,,64-bit,,,,No,Yes,,,
Intel Atom Processor C Series,Server,C3508,$86.00 ,4,4,1.60 GHz,1.60 GHz,8 MB,,11.5 W,Yes,Yes,256 GB,DDR4: 1866,2,,Yes,3,x2,x4,x8,8,90Â°C,100Â°C,No,Yes,,64-bit,,,,No,Yes,,,
Intel Atom Processor C Series,Server,C3338,$27.00 ,2,2,1.50 GHz,2.20 GHz,4 MB,,9 W,Yes,Yes,128 GB,DDR4: 1866,1,,Yes,3,x2,x4,x8,10,89Â°C,100Â°C,No,Yes,,64-bit,,,,No,Yes,,,
Intel Atom Processor C Series,Server,C3308,$32.00 ,2,2,1.60 GHz,2.10 GHz,4 MB,,9.5 W,Yes,Yes,128 GB,DDR4: 1866,1,,Yes,3,x2,x4,6,89Â°C,100Â°C,No,Yes,,64-bit,,,,No,Yes,,,,
Intel Atom Processor S Series,Server,S1269,$80.00 ,2,4,1.60 GHz,,1 MB,,11.7 W,Yes,Yes,8 GB,DDR3 1333,1,,Yes,2,,32,,Yes,Yes,,64-bit,,,,,,,,,,,
Intel Atom Processor S Series,Server,S1279,$103.00 ,2,4,1.60 GHz,,1 MB,,13.1 W,Yes,Yes,8 GB,DDR3 1333,1,,Yes,2,,40,,Yes,Yes,,64-bit,,,,,,,,,,,
Intel Atom Processor S Series,Server,S1289,$120.00 ,2,4,2.00 GHz,,1 MB,,14.1 W,Yes,Yes,8 GB,DDR3 1333,1,,Yes,2,,40,,Yes,Yes,,64-bit,,,,,,,,,,,
Intel Itanium Processor 9700 Series,Server,E3-1220V3,$193.00 - $203.00,4,4,3.10 GHz,3.50 GHz,8 MB SmartCache,5 GT/s DMI,80 W,No,Yes,32 GB,DDR3 and DDR3L 1333/1600 at 1.5V,2,25.6 GB/s,Yes,3,1x16, 2x8, 1x8/2x4,16,,No,Yes,Yes,64-bit,SSE4.1/4.2, AVX 2.0,Yes,Yes,Yes,Yes,,,
Intel Itanium Processor 9700 Series,Server,E3-1220V5,$193.00 - $203.00,4,4,3.00 GHz,3.50 GHz,8 MB SmartCache,8 GT/s DMI3,80 W,No,Yes,64 GB,DDR4-1866/2133, DDR3L-1333/1600 @ 1.35V,2,34.1 GB/s,Yes,3,1x16, 2x8, 1x8+2x4,16,,No,Yes,Yes,64-bit,SSE4.1/4.2, AVX 2.0,Yes,Yes,Yes,Yes,,
Intel Itanium Processor 9700 Series,Server,E3-1220V6,$193.00 - $203.00,4,4,3.00 GHz,3.50 GHz,8 MB,8 GT/s DMI3,72 W,No,Yes,64 GB,DDR4-2400, DDR3L-1866,2,37.5 GB/s,Yes,3,1x16, 2x8, 1x8+2x4,16,,No,Yes,Yes,64-bit,SSE4.1/4.2, AVX 2.0,Yes,Yes,Yes,Yes,,
Intel Itanium Processor 9700 Series,Server,E5-2697V2,$2614.00 - $2618.00,12,24,2.70 GHz,3.50 GHz,30 MB SmartCache,8 GT/s QPI,130 W,No,Yes,768 GB,DDR3 800/1066/1333/1600/1866,4,59.7 GB/s,Yes,3,x4, x8, x16,40,86Â°C ,Yes,Yes,Yes,64-bit,AVX,Yes,Yes,Yes,Yes,,,,
Intel Pentium Processor D Series,Server,E5-2695V2,$2336.00 - $2340.00,12,24,2.40 GHz,3.20 GHz,30 MB SmartCache,8 GT/s QPI,115 W,No,Yes,768 GB,DDR3 800/1066/1333/1600/1866,4,59.7 GB/s,Yes,3,x4, x8, x16,40,81Â°C ,Yes,Yes,Yes,64-bit,AVX,Yes,Yes,Yes,Yes,,,,
Intel Pentium Processor D Series,Server,E5-1620V4,$294.00 - $297.00,4,8,3.50 GHz,3.80 GHz,10 MB,0 GT/s QPI,140 W,No,Yes,1.54 TB,DDR4 1600/1866/2133/2400,4,76.8 GB/s,Yes,3,x4, x8, x16,40,69Â°C,Yes,Yes,Yes,64-bit,AVX 2.0,Yes,Yes,Yes,Yes,,,,
Intel Pentium Processor D Series,Server,E5-1630V4,$406.00 ,4,8,3.70 GHz,4.00 GHz,10 MB,0 GT/s QPI,140 W,No,Yes,1.54 TB,DDR4 1600/1866/2133/2400,4,76.8 GB/s,Yes,3,x4, x8, x16,40,69Â°C,Yes,Yes,Yes,64-bit,AVX 2.0,Yes,Yes,Yes,Yes,,,,
Intel Pentium Processor D Series,Server,E5-1650V4,$617.00 - $621.00,6,12,3.60 GHz,4.00 GHz,15 MB,0 GT/s QPI,140 W,No,Yes,1.54 TB,DDR4 1600/1866/2133/2400,4,76.8 GB/s,Yes,3,x4, x8, x16,40,69Â°C,Yes,Yes,Yes,64-bit,AVX 2.0,Yes,Yes,Yes,Yes,,,,
Intel Pentium Processor D Series,Server,E5-1660V4,$1,113,8,16,3.20 GHz,3.80 GHz,20 MB,0 GT/s QPI,140 W,No,Yes,1.54 TB,DDR4 1600/1866/2133/2400,4,76.8 GB/s,Yes,3,x4, x8, x16,40,70Â°C,Yes,Yes,Yes,64-bit,AVX 2.0,Yes,Yes,Yes,Yes,,,
Intel Xeon Phi x200 Product Family,Server,E5-1680V4,$1,723,8,16,3.40 GHz,4.00 GHz,20 MB,0 GT/s QPI,140 W,No,Yes,1.54 TB,DDR4 1600/1866/2133/2400,4,76.8 GB/s,Yes,3,x4, x8, x16,40,70Â°C,Yes,Yes,Yes,64-bit,AVX 2.0,Yes,Yes,Yes,Yes,,,
Intel Xeon Phi x200 Product Family,Server,E5-2603V4,$213.00 ,6,6,1.70 GHz,,15 MB SmartCache,6.4 GT/s QPI,85 W,No,Yes,1.54 TB,DDR4 1600/1866,4,59.7 GB/s,Yes,3,x4, x8, x16,40,73Â°C,No,Yes,Yes,64-bit,AVX 2.0,Yes,Yes,Yes,Yes,,,,
Intel Xeon Phi x200 Product Family,Server,E5-2609V4,$306.00 - $310.00,8,8,1.70 GHz,,20 MB SmartCache,6.4 GT/s QPI,85 W,Yes,Yes,1.54 TB,DDR4 1600/1866,4,59.7 GB/s,Yes,3,x4, x8, x16,40,74Â°C,No,Yes,Yes,64-bit,AVX 2.0,Yes,Yes,Yes,Yes,,,,
Intel Xeon Phi x200 Product Family,Server,E5-2620V4,$417.00 - $422.00,8,16,2.10 GHz,3.00 GHz,20 MB SmartCache,8 GT/s QPI,85 W,Yes,Yes,1.54 TB,DDR4 1600/1866/2133,4,68.3 GB/s,Yes,3,x4, x8, x16,40,74Â°C,Yes,Yes,Yes,64-bit,AVX 2.0,Yes,Yes,Yes,Yes,,,,
Intel Xeon Phi x200 Product Family,Server,E5-2623V4,$444.00 ,4,8,2.60 GHz,3.20 GHz,10 MB SmartCache,8 GT/s QPI,85 W,No,Yes,1.54 TB,DDR4 1600/1866/2133,4,68.3 GB/s,Yes,3,x4, x8, x16,40,73Â°C,Yes,Yes,Yes,64-bit,AVX 2.0,Yes,Yes,Yes,Yes,,,,
Intel Xeon Phi x200 Product Family,Server,E5-2630V4,$667.00 - $671.00,10,20,2.20 GHz,3.10 GHz,25 MB SmartCache,8 GT/s QPI,85 W,No,Yes,1.54 TB,DDR4 1600/1866/2133,4,68.3 GB/s,Yes,3,x4, x8, x16,40,74Â°C,Yes,Yes,Yes,64-bit,AVX 2.0,Yes,Yes,Yes,Yes,,,,
Intel Xeon Phi x200 Product Family,Server,E5-2637V4,$996.00 ,4,8,3.50 GHz,3.70 GHz,15 MB SmartCache,9.6 GT/s QPI,135 W,No,Yes,1.54 TB,DDR4 1600/1866/2133/2400,4,76.8 GB/s,Yes,3,x4, x8, x16,40,75Â°C,Yes,Yes,Yes,64-bit,AVX 2.0,Yes,Yes,Yes,Yes,,,,
Intel Xeon Processor D Family,Server,E5-2640V4,$939.00 ,10,20,2.40 GHz,3.40 GHz,25 MB SmartCache,8 GT/s QPI,90 W,Yes,Yes,1.54 TB,DDR4 1600/1866/2133,4,68.3 GB/s,Yes,3,x4, x8, x16,40,76Â°C,Yes,Yes,Yes,64-bit,AVX 2.0,Yes,Yes,Yes,Yes,,,,
Intel Xeon Processor D Family,Server,E5-2643V4,$1,552,6,12,3.40 GHz,3.70 GHz,20 MB SmartCache,9.6 GT/s QPI,135 W,No,Yes,1.54 TB,DDR4 1600/1866/2133/2400,4,76.8 GB/s,Yes,3,x4, x8, x16,40,75Â°C,Yes,Yes,Yes,64-bit,AVX 2.0,Yes,Yes,Yes,Yes,,,
Intel Xeon Processor D Family,Server,E5-2650V4,$1166.00 - $1171.00,12,24,2.20 GHz,2.90 GHz,30 MB SmartCache,9.6 GT/s QPI,105 W,Yes,Yes,1.54 TB,DDR4 1600/1866/2133/2400,4,76.8 GB/s,Yes,3,x4, x8, x16,40,80Â°C,Yes,Yes,Yes,64-bit,AVX 2.0,Yes,Yes,Yes,Yes,,,,
Intel Xeon Processor D Family,Server,E5-2660V4,$1,445,14,28,2.00 GHz,3.20 GHz,35 MB,9.6 GT/s QPI,105 W,No,Yes,,DDR4 1600/1866/2133/2400,4,76.8 GB/s,Yes,3,x4, x8, x16,40,79Â°C,Yes,Yes,Yes,64-bit,AVX 2.0,Yes,Yes,Yes,Yes,,,
Intel Xeon Processor D Family,Server,E5-2667V4,$2,57,8,16,3.20 GHz,3.60 GHz,25 MB SmartCache,9.6 GT/s QPI,135 W,No,Yes,1.54 TB,DDR4 1600/1866/2133/2400,4,76.8 GB/s,Yes,3,x4, x8, x16,40,78Â°C,Yes,Yes,Yes,64-bit,AVX 2.0,Yes,Yes,Yes,Yes,,,
Intel Xeon Processor D Family,Server,E5-2680V4,$1745.00 - $1749.00,14,28,2.40 GHz,3.30 GHz,35 MB SmartCache,9.6 GT/s QPI,120 W,Yes,Yes,1.54 TB,DDR4 1600/1866/2133/2400,4,76.8 GB/s,Yes,3,x4, x8, x16,40,86Â°C,Yes,Yes,Yes,64-bit,AVX 2.0,Yes,Yes,Yes,Yes,,,,
Intel Xeon Processor D Family,Server,E5-2683V4,$1,846,16,32,2.10 GHz,3.00 GHz,40 MB SmartCache,9.6 GT/s QPI,120 W,No,Yes,1.54 TB,DDR4 1600/1866/2133/2400,4,76.8 GB/s,Yes,3,x4, x8, x16,40,84Â°C,Yes,Yes,Yes,64-bit,AVX 2.0,Yes,Yes,Yes,Yes,,,
Intel Xeon Processor D Family,Server,E5-2690V4,$2090.00 - $2094.00,14,28,2.60 GHz,3.50 GHz,35 MB SmartCache,9.6 GT/s QPI,135 W,No,Yes,1.54 TB,DDR4 1600/1866/2133/2400,4,76.8 GB/s,Yes,3,x4, x8, x16,40,89Â°C,Yes,Yes,Yes,64-bit,AVX 2.0,Yes,Yes,Yes,Yes,,,,
Intel Xeon Processor D Family,Server,E5-2695V4,$2424.00 - $2428.00,18,36,2.10 GHz,3.30 GHz,45 MB SmartCache,9.6 GT/s QPI,120 W,Yes,Yes,1.54 TB,DDR4 1600/1866/2133/2400,4,76.8 GB/s,Yes,3,x4, x8, x16,40,84Â°C,Yes,Yes,Yes,64-bit,AVX 2.0,Yes,Yes,Yes,Yes,,,,
Intel Xeon Processor D Family,Server,E5-2697V4,$2,702,18,36,2.30 GHz,3.60 GHz,45 MB SmartCache,9.6 GT/s QPI,145 W,No,Yes,1.54 TB,DDR4 1600/1866/2133/2400,4,76.8 GB/s,Yes,3,x4, x8, x16,40,79Â°C,Yes,Yes,Yes,64-bit,AVX 2.0,Yes,Yes,Yes,Yes,,,
Intel Xeon Processor D Family,Server,E5-2698V4,$3,226,20,40,2.20 GHz,3.60 GHz,50 MB SmartCache,9.6 GT/s QPI,135 W,No,Yes,1.54 TB,DDR4 1600/1866/2133/2400,4,76.8 GB/s,Yes,3,x4, x8, x16,40,90Â°C,Yes,Yes,Yes,64-bit,AVX 2.0,Yes,Yes,Yes,Yes,,,
Intel Xeon Processor D Family,Server,E5-2699V4,$4,115,22,44,2.20 GHz,3.60 GHz,55 MB SmartCache,9.6 GT/s QPI,145 W,No,Yes,1.54 TB,DDR4 1600/1866/2133/2400,4,76.8 GB/s,Yes,3,x4, x8, x16,40,79Â°C,Yes,Yes,Yes,64-bit,AVX 2.0,Yes,Yes,Yes,Yes,,,
Intel Xeon Processor D Family,Server,E5-4610V4,$1,219,10,20,1.80 GHz,1.80 GHz,25 MB,6.4 GT/s QPI,105 W,No,Yes,1.54 TB,DDR4,4,68 GB/s,Yes,3,x4, x8, x16,40,79,Yes,Yes,Yes,64-bit,AVX 2.0,Yes,Yes,Yes,Yes,,,
Intel Xeon Processor D Family,Server,E5-4620V4,$1,668,10,20,2.10 GHz,2.60 GHz,25 MB,8 GT/s QPI,105 W,No,Yes,1.54 TB,DDR4,4,68 GB/s,Yes,3,x4, x8, x16,40,79,Yes,Yes,Yes,64-bit,AVX 2.0,Yes,Yes,Yes,Yes,,,
Intel Xeon Processor D Family,Server,E5-4627V4,$2,225,10,10,2.60 GHz,3.20 GHz,25 MB,8 GT/s QPI,135 W,No,Yes,1.54 TB,DDR4,4,68 GB/s,Yes,3,x4, x8, x16,40,82,No,Yes,Yes,64-bit,AVX 2.0,Yes,Yes,Yes,Yes,,,
Intel Xeon Processor D Family,Server,E5-4640V4,$2,837,12,24,2.10 GHz,2.60 GHz,30 MB,8 GT/s QPI,105 W,No,Yes,1.54 TB,DDR4,4,68 GB/s,Yes,3,x4, x8, x16,40,80,Yes,Yes,Yes,64-bit,AVX 2.0,Yes,Yes,Yes,Yes,,,
Intel Xeon Processor D Family,Server,E5-4650V4,$3,838,14,28,2.20 GHz,2.80 GHz,35 MB,9.6 GT/s QPI,105 W,No,Yes,1.54 TB,DDR4,4,68 GB/s,Yes,3,x4, x8, x16,40,80,Yes,Yes,Yes,64-bit,AVX 2.0,Yes,Yes,Yes,Yes,,,
Intel Xeon Processor D Family,Server,E5-4655V4,$4,616,8,16,2.50 GHz,3.20 GHz,30 MB,9.6 GT/s QPI,135 W,No,Yes,1.54 TB,DDR4,4,68 GB/s,Yes,3,x4, x8, x16,40,82,Yes,Yes,Yes,64-bit,AVX 2.0,Yes,Yes,Yes,Yes,,,
Intel Xeon Processor E3 v2 Family,Server,E5-4660V4,$4,727,16,32,2.20 GHz,3.00 GHz,40 MB,9.6 GT/s QPI,120 W,Yes,Yes,1.54 TB,DDR4,4,68 GB/s,Yes,3,x4, x8, x16,40,83,Yes,Yes,Yes,64-bit,AVX 2.0,Yes,Yes,Yes,Yes,,,
Intel Xeon Processor E3 v2 Family,Server,E5-4667V4,$5,729,18,36,2.20 GHz,3.00 GHz,45 MB,9.6 GT/s QPI,135 W,No,Yes,1.54 TB,DDR4,4,68 GB/s,Yes,3,x4, x8, x16,40,87,Yes,Yes,Yes,64-bit,AVX 2.0,Yes,Yes,Yes,Yes,,,
Intel Xeon Processor E3 v3 Family,Server,E5-4669V4,$7,7,22,44,2.20 GHz,3.00 GHz,55 MB,9.6 GT/s QPI,135 W,No,Yes,1.54 TB,DDR4,4,68 GB/s,Yes,3,x4, x8, x16,40,90,Yes,Yes,Yes,64-bit,AVX 2.0,Yes,Yes,Yes,Yes,,,
Intel Xeon Processor E3 v3 Family,Server,E5-2603V3,$213.00 - $217.00,6,6,1.60 GHz,,15 MB SmartCache,6.4 GT/s QPI,85 W,No,Yes,768 GB,DDR4 1600,4,51 GB/s,Yes,3,x4, x8, x16,40,72.8Â°C,No,Yes,Yes,64-bit,AVX 2.0,Yes,Yes,Yes,Yes,,,,
Intel Xeon Processor E3 v3 Family,Server,E5-2609V3,$306.00 ,6,6,1.90 GHz,,15 MB SmartCache,6.4 GT/s QPI,85 W,Yes,Yes,768 GB,DDR4 1600,4,51 GB/s,Yes,3,x4, x8, x16,40,70.9Â°C,No,Yes,Yes,64-bit,AVX 2.0,Yes,Yes,Yes,Yes,,,,
Intel Xeon Processor E3 v3 Family,Server,E5-2620V3,$417.00 - $422.00,6,12,2.40 GHz,3.20 GHz,15 MB SmartCache,8 GT/s QPI,85 W,Yes,Yes,768 GB,DDR4 1600/1866,4,59 GB/s,Yes,3,x4, x8, x16,40,72.6Â°C,Yes,Yes,Yes,64-bit,AVX 2.0,Yes,Yes,Yes,Yes,,,,
Intel Xeon Processor E3 v3 Family,Server,E5-2623V3,$444.00 ,4,8,3.00 GHz,3.50 GHz,10 MB SmartCache,8 GT/s QPI,105 W,No,Yes,768 GB,DDR4 1600/1866,4,59 GB/s,Yes,3,x4, x8, x16,40,80.2Â°C,Yes,Yes,Yes,64-bit,AVX 2.0,Yes,Yes,Yes,Yes,,,,
Intel Xeon Processor E3 v3 Family,Server,E5-2630V3,$667.00 - $671.00,8,16,2.40 GHz,3.20 GHz,20 MB SmartCache,8 GT/s QPI,85 W,No,Yes,768 GB,DDR4 1600/1866,4,59 GB/s,Yes,3,x4, x8, x16,40,72.1Â°C,Yes,Yes,Yes,64-bit,AVX 2.0,Yes,Yes,Yes,Yes,,,,
Intel Xeon Processor E3 v3 Family,Server,E5-2630LV3,$612.00 ,8,16,1.80 GHz,2.90 GHz,20 MB SmartCache,8 GT/s QPI,55 W,No,Yes,768 GB,DDR4 1600/1866,4,59 GB/s,Yes,3,x4, x8, x16,40,60.4Â°C,Yes,Yes,Yes,64-bit,AVX 2.0,Yes,Yes,Yes,Yes,,,,
Intel Xeon Processor E3 v3 Family,Server,E5-2637V3,$996.00 ,4,8,3.50 GHz,3.70 GHz,15 MB SmartCache,9.6 GT/s QPI,135 W,No,Yes,768 GB,DDR4 1600/1866/2133,4,68 GB/s,Yes,3,x4, x8, x16,40,76.6Â°C,Yes,Yes,Yes,64-bit,AVX 2.0,Yes,Yes,Yes,Yes,,,,
Intel Xeon Processor E3 v3 Family,Server,E5-2640V3,$939.00 - $944.00,8,16,2.60 GHz,3.40 GHz,20 MB SmartCache,8 GT/s QPI,90 W,Yes,Yes,768 GB,DDR4 1600/1866,4,59 GB/s,Yes,3,x4, x8, x16,40,74.3Â°C,Yes,Yes,Yes,64-bit,AVX 2.0,Yes,Yes,Yes,Yes,,,,
Intel Xeon Processor E3 v3 Family,Server,E5-2643V3,$1,552,6,12,3.40 GHz,3.70 GHz,20 MB SmartCache,9.6 GT/s QPI,135 W,No,Yes,768 GB,DDR4 1600/1866/2133,4,68 GB/s,Yes,3,x4, x8, x16,40,77.3Â°C,Yes,Yes,Yes,64-bit,AVX 2.0,Yes,Yes,Yes,Yes,,,
Intel Xeon Processor E3 v3 Family,Server,E5-2650V3,$1166.00 - $1171.00,10,20,2.30 GHz,3.00 GHz,25 MB SmartCache,9.6 GT/s QPI,105 W,No,Yes,768 GB,DDR4 1600/1866/2133,4,68 GB/s,Yes,3,x4, x8, x16,40,78.9Â°C,Yes,Yes,Yes,64-bit,AVX 2.0,Yes,Yes,Yes,Yes,,,,
Intel Xeon Processor E3 v3 Family,Server,E5-2650LV3,$1,329,12,24,1.80 GHz,2.50 GHz,30 MB SmartCache,9.6 GT/s QPI,65 W,No,Yes,768 GB,DDR4 1600/1866/2133,4,68 GB/s,Yes,3,x4, x8, x16,40,63.6Â°C,Yes,Yes,Yes,64-bit,AVX 2.0,Yes,Yes,Yes,Yes,,,
Intel Xeon Processor E3 v3 Family,Server,E5-2660V3,$1445.00 - $1449.00,10,20,2.60 GHz,3.30 GHz,25 MB SmartCache,9.6 GT/s QPI,105 W,No,Yes,768 GB,DDR4 1600/1866/2133,4,68 GB/s,Yes,3,x4, x8, x16,40,79Â°C,Yes,Yes,Yes,64-bit,AVX 2.0,Yes,Yes,Yes,Yes,,,,
Intel Xeon Processor E3 v3 Family,Server,E5-2667V3,$2,57,8,16,3.20 GHz,3.60 GHz,20 MB SmartCache,9.6 GT/s QPI,135 W,No,Yes,768 GB,DDR4 1600/1866/2133,4,68 GB/s,Yes,3,x4, x8, x16,40,77.8Â°C,Yes,Yes,Yes,64-bit,AVX 2.0,Yes,Yes,Yes,Yes,,,
Intel Xeon Processor E3 v4 Family,Server,E5-2670V3,$1589.00 - $1593.00,12,24,2.30 GHz,3.10 GHz,30 MB SmartCache,9.6 GT/s QPI,120 W,No,Yes,768 GB,DDR4 1600/1866/2133,4,68 GB/s,Yes,3,x4, x8, x16,40,84.5Â°C,Yes,Yes,Yes,64-bit,AVX 2.0,Yes,Yes,Yes,Yes,,,,
Intel Xeon Processor E3 v4 Family,Server,E5-2680V3,$1745.00 - $1749.00,12,24,2.50 GHz,3.30 GHz,30 MB SmartCache,9.6 GT/s QPI,120 W,Yes,Yes,768 GB,DDR4 1600/1866/2133,4,68 GB/s,Yes,3,x4, x8, x16,40,84.5Â°C,Yes,Yes,Yes,64-bit,AVX 2.0,Yes,Yes,Yes,Yes,,,,
Intel Xeon Processor E3 v4 Family,Server,E5-2683V3,$1,846,14,28,2.00 GHz,3.00 GHz,35 MB SmartCache,9.6 GT/s QPI,120 W,No,Yes,768 GB,DDR4 1600/1866/2133,4,68 GB/s,Yes,3,x4, x8, x16,40,82.5Â°C,Yes,Yes,Yes,64-bit,AVX 2.0,Yes,Yes,Yes,Yes,,,
Intel Xeon Processor E3 v5 Family,Server,E5-4610V3,$1,219,10,20,1.70 GHz,1.70 GHz,25 MB,6.4 GT/s QPI,105 W,No,Yes,768 GB,DDR4,4,68 GB/s,Yes,3,x4, x8, x16,40,77.6Â°C,Yes,Yes,Yes,64-bit,AVX 2.0,Yes,Yes,Yes,Yes,,,
Intel Xeon Processor E3 v5 Family,Server,E5-4620V3,$1,668,10,20,2.00 GHz,2.60 GHz,25 MB,8 GT/s QPI,105 W,No,Yes,768 GB,DDR4 ,4,68 GB/s,Yes,3,x4, x8, x16,40,77.7Â°C,Yes,Yes,Yes,64-bit,AVX 2.0,Yes,Yes,Yes,Yes,,,
Intel Xeon Processor E3 v5 Family,Server,E5-2687WV3,$2141.00 - $2145.00,10,20,3.10 GHz,3.50 GHz,25 MB SmartCache,9.6 GT/s QPI,160 W,No,Yes,768 GB,DDR4 1600/1866/2133,4,68 GB/s,Yes,3,x4, x8, x16,40,74.7Â°C,Yes,Yes,Yes,64-bit,AVX 2.0,Yes,Yes,Yes,Yes,,,,
Intel Xeon Processor E3 v5 Family,Server,E5-4627V3,$2,225,10,10,2.60 GHz,3.20 GHz,25 MB,8 GT/s QPI,135 W,No,Yes,768 GB,DDR4 ,4,68 GB/s,Yes,3,x4, x8, x16,40,86.4Â°C,No,Yes,Yes,64-bit,AVX 2.0,Yes,Yes,Yes,Yes,,,
Intel Xeon Processor E3 v5 Family,Server,E5-2690V3,$2090.00 - $2094.00,12,24,2.60 GHz,3.50 GHz,30 MB SmartCache,9.6 GT/s QPI,135 W,No,Yes,768 GB,DDR4 1600/1866/2133,4,68 GB/s,Yes,3,x4, x8, x16,40,89.9Â°C,Yes,Yes,Yes,64-bit,AVX 2.0,Yes,Yes,Yes,Yes,,,,
Intel Xeon Processor E3 v5 Family,Server,E5-4640V3,$2,859,12,24,1.90 GHz,2.60 GHz,30 MB,8 GT/s QPI,105 W,No,Yes,768 GB,DDR4 ,4,68 GB/s,Yes,3,x4, x8, x16,40,77.6Â°C,Yes,Yes,Yes,64-bit,AVX 2.0,Yes,Yes,Yes,Yes,,,
Intel Xeon Processor E3 v5 Family,Server,E5-1680V3,$1,723,8,16,3.20 GHz,3.80 GHz,20 MB SmartCache,0 GT/s QPI,140 W,No,Yes,768 GB,DDR4 1333/1600/1866/2133,4,68 GB/s,Yes,3,x4, x8, x16,40,66.26Â°C,Yes,Yes,Yes,64-bit,AVX 2.0,Yes,Yes,Yes,Yes,,,
Intel Xeon Processor E3 v5 Family,Server,E5-2695V3,$2424.00 - $2428.00,14,28,2.30 GHz,3.30 GHz,35 MB SmartCache,9.6 GT/s QPI,120 W,No,Yes,768 GB,DDR4 1600/1866/2133,4,68 GB/s,Yes,3,x4, x8, x16,40,82.6Â°C,Yes,Yes,Yes,64-bit,AVX 2.0,Yes,Yes,Yes,Yes,,,,
Intel Xeon Processor E3 v5 Family,Server,E5-1660V3,$1,80,8,16,3.00 GHz,3.50 GHz,20 MB SmartCache,0 GT/s QPI,140 W,No,Yes,768 GB,DDR4 1333/1600/1866/2133,4,68 GB/s,Yes,3,x4, x8, x16,40,65.9Â°C,Yes,Yes,Yes,64-bit,AVX 2.0,Yes,Yes,Yes,Yes,,,
Intel Xeon Processor E3 v5 Family,Server,E5-4650V3,$3,838,12,24,2.10 GHz,2.80 GHz,30 MB,9.6 GT/s QPI,105 W,No,Yes,768 GB,DDR4 ,4,68 GB/s,Yes,3,x4, x8, x16,40,77.6Â°C,Yes,Yes,Yes,64-bit,AVX 2.0,Yes,Yes,Yes,Yes,,,
Intel Xeon Processor E3 v5 Family,Server,E5-1650V3,$583.00 - $586.00,6,12,3.50 GHz,3.80 GHz,15 MB SmartCache,0 GT/s QPI,140 W,No,Yes,768 GB,DDR4 1333/1600/1866/2133,4,68 GB/s,Yes,3,x4, x8, x16,40,66.7Â°C,Yes,Yes,Yes,64-bit,AVX 2.0,Yes,Yes,Yes,Yes,,,,
Intel Xeon Processor E3 v5 Family,Server,E5-2697V3,$2702.00 - $2706.00,14,28,2.60 GHz,3.60 GHz,35 MB SmartCache,9.6 GT/s QPI,145 W,No,Yes,768 GB,DDR4 1600/1866/2133,4,68 GB/s,Yes,3,x4, x8, x16,40,76.7Â°C,Yes,Yes,Yes,64-bit,AVX 2.0,Yes,Yes,Yes,Yes,,,,
Intel Xeon Processor E3 v5 Family,Server,E5-4655V3,$4,616,6,12,2.90 GHz,3.20 GHz,30 MB,9.6 GT/s QPI,135 W,No,Yes,768 GB,DDR4,4,68 GB/s,Yes,3,x4, x8, x16,40,84.4Â°C,Yes,Yes,Yes,64-bit,AVX 2.0,Yes,Yes,Yes,Yes,,,
Intel Xeon Processor E3 v5 Family,Server,E5-1630V3,$372.00 ,4,8,3.70 GHz,3.80 GHz,10 MB SmartCache,0 GT/s QPI,140 W,No,Yes,768 GB,DDR4 1333/1600/1866/2133,4,68 GB/s,Yes,3,x4, x8, x16,40,66.2Â°C,Yes,Yes,Yes,64-bit,AVX 2.0,Yes,Yes,Yes,Yes,,,,
Intel Xeon Processor E3 v6 Family,Server,E5-4660V3,$4,727,14,28,2.10 GHz,2.90 GHz,35 MB,9.6 GT/s QPI,120 W,No,Yes,768 GB,DDR4,4,68 GB/s,Yes,3,x4, x8, x16,40,82.5Â°C,Yes,Yes,Yes,64-bit,AVX 2.0,Yes,Yes,Yes,Yes,,,
Intel Xeon Processor E3 v6 Family,Server,E5-1620V3,$294.00 - $297.00,4,8,3.50 GHz,3.60 GHz,10 MB SmartCache,0 GT/s QPI,140 W,No,Yes,768 GB,DDR4 1333/1600/1866/2133,4,68 GB/s,Yes,3,x4, x8, x16,40,66.2Â°C,Yes,Yes,Yes,64-bit,AVX 2.0,Yes,Yes,Yes,Yes,,,,
Intel Xeon Processor E3 v6 Family,Server,E5-4667V3,$5,729,16,32,2.00 GHz,2.90 GHz,40 MB,9.6 GT/s QPI,135 W,No,Yes,768 GB,DDR4 ,4,68 GB/s,Yes,3,x4, x8, x16,40,87.6Â°C,Yes,Yes,Yes,64-bit,AVX 2.0,Yes,Yes,Yes,Yes,,,
Intel Xeon Processor E3 v6 Family,Server,E5-4669V3,$7,7,18,36,2.10 GHz,2.90 GHz,45 MB,9.6 GT/s QPI,135 W,No,Yes,768 GB,DDR4,4,68 GB/s,Yes,3,x4, x8, x16,40,87.6Â°C,Yes,Yes,Yes,64-bit,AVX 2.0,Yes,Yes,Yes,Yes,,,
Intel Xeon Processor E3 v6 Family,Server,E5-2690V2,$2057.00 - $2061.00,10,20,3.00 GHz,3.60 GHz,25 MB SmartCache,8 GT/s QPI,130 W,No,Yes,768 GB,DDR3 800/1066/1333/1600/1866,4,59.7 GB/s,Yes,3,x4, x8, x16,40,88Â°C ,Yes,Yes,Yes,64-bit,AVX,Yes,Yes,Yes,Yes,,,,
Intel Xeon Processor E3 v6 Family,Server,E5-2680V2,$1723.00 - $1727.00,10,20,2.80 GHz,3.60 GHz,25 MB SmartCache,8 GT/s QPI,115 W,Yes,Yes,768 GB,DDR3 800/1066/1333/1600/1866,4,59.7 GB/s,Yes,3,x4, x8, x16,40,82Â°C ,Yes,Yes,Yes,64-bit,AVX,Yes,Yes,Yes,Yes,,,,
Intel Xeon Processor E3 v6 Family,Server,E5-2687WV2,$2108.00 - $2112.00,8,16,3.40 GHz,4.00 GHz,25 MB SmartCache,8 GT/s QPI,150 W,No,Yes,256 GB,DDR3 800/1066/1333/1600/1866,4,59.7 GB/s,Yes,3,x4, x8, x16,40,72Â°C ,Yes,Yes,Yes,64-bit,AVX,Yes,Yes,Yes,Yes,,,,
Intel Xeon Processor E3 v6 Family,Server,E5-2670V2,$1552.00 - $1556.00,10,20,2.50 GHz,3.30 GHz,25 MB SmartCache,8 GT/s QPI,115 W,No,Yes,768 GB,DDR3 800/1066/1333/1600/1866,4,59.7 GB/s,Yes,3,x4, x8, x16,40,82Â°C ,Yes,Yes,Yes,64-bit,AVX,Yes,Yes,Yes,Yes,,,,
Intel Xeon Processor E3 v6 Family,Server,E5-2667V2,$2,57,8,16,3.30 GHz,4.00 GHz,25 MB SmartCache,8 GT/s QPI,130 W,No,Yes,768 GB,DDR3 800/1066/1333/1600/1866,4,59.7 GB/s,Yes,3,x4, x8, x16,40,74Â°C ,Yes,Yes,Yes,64-bit,AVX,Yes,Yes,Yes,Yes,,,
Intel Xeon Processor E5 Family,Server,E5-2660V2,$1389.00 - $1393.00,10,20,2.20 GHz,3.00 GHz,25 MB SmartCache,8 GT/s QPI,95 W,No,Yes,768 GB,DDR3 800/1066/1333/1600/1866,4,59.7 GB/s,Yes,3,x4, x8, x16,40,75Â°C ,Yes,Yes,Yes,64-bit,AVX,Yes,Yes,Yes,Yes,,,,
Intel Xeon Processor E5 v2 Family,Server,E5-2650LV2,$1,219,10,20,1.70 GHz,2.10 GHz,25 MB SmartCache,7.2 GT/s QPI,70 W,No,Yes,768 GB,DDR3 800/1066/1333/1600,4,51.2 GB/s,Yes,3,x4, x8, x16,40,65Â°C ,Yes,Yes,Yes,64-bit,AVX,Yes,Yes,Yes,Yes,,,
Intel Xeon Processor E5 v2 Family,Server,E5-2650V2,$1166.00 - $1171.00,8,16,2.60 GHz,3.40 GHz,20 MB SmartCache,8 GT/s QPI,95 W,No,Yes,768 GB,DDR3 800/1066/1333/1600/1866,4,59.7 GB/s,Yes,3,x4, x8, x16,40,75Â°C ,Yes,Yes,Yes,64-bit,AVX,Yes,Yes,Yes,Yes,,,,
Intel Xeon Processor E5 v2 Family,Server,E5-2470V2,$1,440,10,20,2.40 GHz,3.20 GHz,25 MB SmartCache,8 GT/s QPI,95 W,No,Yes,384 GB,DDR3 800/1066/1333/1600,3,38.4 GB/s,Yes,3,x4, x8, x16,24,80Â°C,Yes,Yes,Yes,64-bit,AVX,Yes,Yes,Yes,Yes,,,
Intel Xeon Processor E5 v2 Family,Server,E5-2450LV2,$1,219,10,20,1.70 GHz,2.10 GHz,25 MB SmartCache,7.2 GT/s QPI,60 W,No,Yes,384 GB,DDR3 800/1066/1333/1600,3,38.4 GB/s,Yes,3,x4, x8, x16,24,68Â°C,Yes,Yes,Yes,64-bit,AVX,Yes,Yes,Yes,Yes,,,
Intel Xeon Processor E5 v2 Family,Server,E5-2643V2,$1,552,6,12,3.50 GHz,3.80 GHz,25 MB SmartCache,8 GT/s QPI,130 W,No,Yes,768 GB,DDR3 800/1066/1333/1600/1866,4,59.7 GB/s,Yes,3,x4, x8, x16,40,74Â°C ,Yes,Yes,Yes,64-bit,AVX,Yes,Yes,Yes,Yes,,,
Intel Xeon Processor E5 v2 Family,Server,E5-2450V2,$1,107,8,16,2.50 GHz,3.30 GHz,20 MB SmartCache,8 GT/s QPI,95 W,Yes,Yes,384 GB,DDR3 800/1066/1333/1600,3,38.4 GB/s,Yes,3,x4, x8, x16,24,80Â°C,Yes,Yes,Yes,64-bit,AVX,Yes,Yes,Yes,Yes,,,
Intel Xeon Processor E5 v2 Family,Server,E5-4657LV2,$4,394,12,24,2.40 GHz,2.90 GHz,30 MB SmartCache,8 GT/s QPI,115 W,No,Yes,768 GB,DDR3 800/1066/1333/1600/1866,4,59.7 GB/s,Yes,3,x4, x8, x16,40,81Â°C,Yes,Yes,Yes,64-bit,AVX,Yes,Yes,Yes,Yes,,,
Intel Xeon Processor E5 v2 Family,Server,E5-2640V2,$885.00 - $889.00,8,16,2.00 GHz,2.50 GHz,20 MB SmartCache,7.2 GT/s QPI,95 W,Yes,Yes,768 GB,DDR3 800/1066/1333/1600,4,51.2 GB/s,Yes,3,x4, x8, x16,40,75Â°C ,Yes,Yes,Yes,64-bit,AVX,Yes,Yes,Yes,Yes,,,,
Intel Xeon Processor E5 v2 Family,Server,E5-2637V2,$996.00 ,4,8,3.50 GHz,3.80 GHz,15 MB SmartCache,8 GT/s QPI,130 W,No,Yes,768 GB,DDR3 800/1066/1333/1600/1866,4,59.7 GB/s,Yes,3,x4, x8, x16,40,76Â°C ,Yes,Yes,Yes,64-bit,AVX,Yes,Yes,Yes,Yes,,,,
Intel Xeon Processor E5 v2 Family,Server,E5-4650V2,$3,616,10,20,2.40 GHz,2.90 GHz,25 MB SmartCache,8 GT/s QPI,95 W,No,Yes,768 GB,DDR3 800/1066/1333/1600/1866,4,59.7 GB/s,Yes,3,x4, x8, x16,40,75Â°C,Yes,Yes,Yes,64-bit,AVX,Yes,Yes,Yes,Yes,,,
Intel Xeon Processor E5 v2 Family,Server,E5-2440V2,$832.00 ,8,16,1.90 GHz,2.40 GHz,20 MB SmartCache,7.2 GT/s QPI,95 W,No,Yes,384 GB,DDR3 800/1066/1333/1600,3,38.4 GB/s,Yes,3,x4, x8, x16,24,80Â°C,Yes,Yes,Yes,64-bit,AVX,Yes,Yes,Yes,Yes,,,,
Intel Xeon Processor E5 v2 Family,Server,E5-2630LV2,$612.00 ,6,12,2.40 GHz,2.80 GHz,15 MB SmartCache,7.2 GT/s QPI,60 W,No,Yes,768 GB,DDR3 800/1066/1333/1600,4,51.2 GB/s,Yes,3,x4, x8, x16,40,63Â°C ,Yes,Yes,Yes,64-bit,AVX,Yes,Yes,Yes,Yes,,,,
Intel Xeon Processor E5 v2 Family,Server,E5-2430LV2,$612.00 ,6,12,2.40 GHz,2.80 GHz,15 MB SmartCache,7.2 GT/s QPI,60 W,No,Yes,384 GB,DDR3 800/1066/1333/1600,3,38.4 GB/s,Yes,3,x4, x8, x16,24,69Â°C ,Yes,Yes,Yes,64-bit,AVX,Yes,Yes,Yes,Yes,,,,
Intel Xeon Processor E5 v2 Family,Server,E5-4640V2,$2,725,10,20,2.20 GHz,2.70 GHz,20 MB SmartCache,8 GT/s QPI,95 W,No,Yes,768 GB,DDR3 800/1066/1333/1600/1866,4,59.7 GB/s,Yes,3,x4, x8, x16,40,75Â°C,Yes,Yes,Yes,64-bit,AVX,Yes,Yes,Yes,Yes,,,
Intel Xeon Processor E5 v2 Family,Server,E5-2630V2,$612.00 - $616.00,6,12,2.60 GHz,3.10 GHz,15 MB SmartCache,7.2 GT/s QPI,80 W,Yes,Yes,768 GB,DDR3 800/1066/1333/1600,4,51.2 GB/s,Yes,3,x4, x8, x16,40,71Â°C ,Yes,Yes,Yes,64-bit,AVX,Yes,Yes,Yes,Yes,,,,
Intel Xeon Processor E5 v2 Family,Server,E5-2430V2,$551.00 ,6,12,2.50 GHz,3.00 GHz,15 MB SmartCache,7.2 GT/s QPI,80 W,Yes,Yes,384 GB,DDR3 800/1066/1333/1600,3,38.4 GB/s,Yes,3,x4, x8, x16,24,76Â°C ,Yes,Yes,Yes,64-bit,AVX,Yes,Yes,Yes,Yes,,,,
Intel Xeon Processor E5 v2 Family,Server,E5-4627V2,$2,108,8,8,3.30 GHz,3.60 GHz,16 MB SmartCache,7.2 GT/s QPI,130 W,No,Yes,768 GB,DDR3 800/1066/1333/1600/1866,4,59.7 GB/s,Yes,3,x4, x8, x16,40,88Â°C,No,Yes,Yes,64-bit,AVX,Yes,Yes,Yes,Yes,,,
Intel Xeon Processor E5 v2 Family,Server,E5-2620V2,$406.00 - $410.00,6,12,2.10 GHz,2.60 GHz,15 MB SmartCache,7.2 GT/s QPI,80 W,No,Yes,768 GB,DDR3 800/1066/1333/1600,4,51.2 GB/s,Yes,3,x4, x8, x16,40,71Â°C ,Yes,Yes,Yes,64-bit,AVX,Yes,Yes,Yes,Yes,,,,
Intel Xeon Processor E5 v2 Family,Server,E5-2420V2,$406.00 ,6,12,2.20 GHz,2.70 GHz,15 MB SmartCache,7.2 GT/s QPI,80 W,No,Yes,384 GB,DDR3 800/1066/1333/1600,3,38.4 GB/s,Yes,3,x4, x8, x16,24,76Â°C ,Yes,Yes,Yes,64-bit,AVX,Yes,Yes,Yes,Yes,,,,
Intel Xeon Processor E5 v2 Family,Server,E5-1660V2,$1080.00 - $1083.00,6,12,3.70 GHz,4.00 GHz,15 MB SmartCache,0 GT/s QPI,130 W,No,Yes,256 GB,DDR3 800/1066/1333/1600/1866,4,59.7 GB/s,Yes,3,x4, x8, x16,40,70Â°C,Yes,Yes,Yes,64-bit,AVX,Yes,Yes,Yes,Yes,,,,
Intel Xeon Processor E5 v2 Family,Server,E5-4620V2,$1,611,8,16,2.60 GHz,3.00 GHz,20 MB SmartCache,7.2 GT/s QPI,95 W,No,Yes,768 GB,DDR3 800/1066/1333/1600,4,51.2 GB/s,Yes,3,x4, x8, x16,40,75Â°C,Yes,Yes,Yes,64-bit,AVX,Yes,Yes,Yes,Yes,,,
Intel Xeon Processor E5 v2 Family,Server,E5-1650V2,$583.00 ,6,12,3.50 GHz,3.90 GHz,12 MB SmartCache,0 GT/s QPI,130 W,No,Yes,256 GB,DDR3 800/1066/1333/1600/1866,4,59.7 GB/s,Yes,3,x4, x8, x16,40,70Â°C,Yes,Yes,Yes,64-bit,AVX,Yes,Yes,Yes,Yes,,,,
Intel Xeon Processor E5 v2 Family,Server,E5-4610V2,$1,219,8,16,2.30 GHz,2.70 GHz,16 MB SmartCache,7.2 GT/s QPI,95 W,No,Yes,768 GB,DDR3 800/1066/1333/1600,4,51.2 GB/s,Yes,3,x4, x8, x16,40,75Â°C,Yes,Yes,Yes,64-bit,AVX,Yes,Yes,Yes,Yes,,,
Intel Xeon Processor E5 v2 Family,Server,E5-4607V2,$885.00 ,6,12,2.60 GHz,2.60 GHz,15 MB SmartCache,6.4 GT/s QPI,95 W,No,Yes,768 GB,DDR3 800/1066/1333 ,4,42.6 GB/s,Yes,3,x4, x8, x16,40,77Â°C ,Yes,Yes,Yes,64-bit,AVX,Yes,Yes,Yes,Yes,,,,
Intel Xeon Processor E5 v2 Family,Server,E5-2609V2,$294.00 - $299.00,4,4,2.50 GHz,2.50 GHz,10 MB SmartCache,6.4 GT/s QPI,80 W,Yes,Yes,768 GB,DDR3 800/1066/1333 ,4,42.6 GB/s,Yes,3,x4, x8, x16,40,71Â°C ,No,Yes,Yes,64-bit,AVX,Yes,Yes,Yes,Yes,,,,
Intel Xeon Processor E5 v2 Family,Server,E5-2407V2,$250.00 ,4,4,2.40 GHz,2.40 GHz,10 MB SmartCache,6.4 GT/s QPI,80 W,No,Yes,384 GB,DDR3 800/1066/1333 ,3,32 GB/s,Yes,3,x4, x8, x16,24,76Â°C ,No,Yes,Yes,64-bit,AVX,Yes,Yes,Yes,Yes,,,,
Intel Xeon Processor E5 v2 Family,Server,E5-1620V2,$294.00 ,4,8,3.70 GHz,3.90 GHz,10 MB SmartCache,0 GT/s QPI,130 W,No,Yes,256 GB,DDR3 800/1066/1333/1600/1866,4,59.7 GB/s,Yes,3,x4, x8, x16,40,70Â°C,Yes,Yes,Yes,64-bit,AVX,Yes,Yes,Yes,Yes,,,,
Intel Xeon Processor E5 v2 Family,Server,E5-2603V2,$202.00 ,4,4,1.80 GHz,,10 MB SmartCache,6.4 GT/s QPI,80 W,No,Yes,768 GB,DDR3 800/1066/1333 ,4,42.6 GB/s,Yes,3,x4, x8, x16,40,71Â°C ,No,Yes,Yes,64-bit,AVX,Yes,Yes,Yes,Yes,,,,
Intel Xeon Processor E5 v2 Family,Server,E5-2403V2,$192.00 ,4,4,1.80 GHz,1.80 GHz,10 MB SmartCache,6.4 GT/s QPI,80 W,No,Yes,384 GB,DDR3 800/1066/1333 ,3,32 GB/s,Yes,3,x4, x8, x16,24,76Â°C ,No,Yes,Yes,64-bit,AVX,Yes,Yes,Yes,Yes,,,,
Intel Xeon Processor E5 v2 Family,Server,E5-4603V2,$551.00 ,4,8,2.20 GHz,2.20 GHz,10 MB SmartCache,6.4 GT/s QPI,95 W,No,Yes,768 GB,DDR3 800/1066/1333 ,4,42.6 GB/s,Yes,3,x4, x8, x16,40,77Â°C ,Yes,Yes,Yes,64-bit,AVX,Yes,Yes,Yes,Yes,,,,
Intel Xeon Processor E5 v2 Family,Server,E5-2620,$360.00 - $410.00,6,12,2.00 GHz,2.50 GHz,15 MB SmartCache,7.2 GT/s QPI,95 W,Yes,Yes,384 GB,DDR3 800/1066/1333 ,4,42.6 GB/s,Yes,3,,40,77.4Â°C,Yes,Yes,Yes,64-bit,AVX,Yes,Yes,,Yes,,,,,,
Intel Xeon Processor E5 v2 Family,Server,E3-1225V6,$213.00 - $224.00,4,4,3.30 GHz,3.70 GHz,8 MB,8 GT/s DMI3,73 W,No,Yes,64 GB,DDR4-2400, DDR3L-1866,2,37.5 GB/s,Yes,3,1x16, 2x8, 1x8+2x4,16,,No,Yes,Yes,64-bit,SSE4.1/4.2, AVX 2.0,Yes,Yes,Yes,Yes,,
Intel Xeon Processor E5 v2 Family,Server,E3-1230V6,$250.00 - $261.00,4,8,3.50 GHz,3.90 GHz,8 MB,8 GT/s DMI3,72 W,No,Yes,64 GB,DDR4-2400, DDR3L-1866,2,37.5 GB/s,Yes,3,1x16, 2x8, 1x8+2x4,16,,Yes,Yes,Yes,64-bit,SSE4.1/4.2, AVX 2.0,Yes,Yes,Yes,Yes,,
Intel Xeon Processor E5 v2 Family,Server,E3-1240V6,$272.00 - $282.00,4,8,3.70 GHz,4.10 GHz,8 MB,8 GT/s DMI3,72 W,No,Yes,64 GB,DDR4-2400, DDR3L-1866,2,37.5 GB/s,Yes,3,1x16, 2x8, 1x8+2x4,16,,Yes,Yes,Yes,64-bit,SSE4.1/4.2, AVX 2.0,Yes,Yes,Yes,Yes,,
Intel Xeon Processor E5 v2 Family,Server,E3-1245V6,$284.00 - $294.00,4,8,3.70 GHz,4.10 GHz,8 MB,8 GT/s DMI3,73 W,No,Yes,64 GB,DDR4-2400, DDR3L-1866,2,37.5 GB/s,Yes,3,1x16, 2x8, 1x8+2x4,16,,Yes,Yes,Yes,64-bit,SSE4.1/4.2, AVX 2.0,Yes,Yes,Yes,Yes,,
Intel Xeon Processor E5 v2 Family,Server,E3-1270V6,$328.00 - $339.00,4,8,3.80 GHz,4.20 GHz,8 MB,8 GT/s DMI3,72 W,No,Yes,64 GB,DDR4-2400, DDR3L-1866,2,37.5 GB/s,Yes,3,1x16, 2x8. 1x8+2x4,16,,Yes,Yes,Yes,64-bit,SSE4.1/4.2, AVX 2.0,Yes,Yes,Yes,Yes,,,
Intel Xeon Processor E5 v2 Family,Server,E3-1275V6,$339.00 ,4,8,3.80 GHz,4.20 GHz,8 MB,8 GT/s DMI3,73 W,Yes,Yes,64 GB,DDR4-2400, DDR3L-1866,2,37.5 GB/s,Yes,3,1x16, 2x8, 1x8+2x4,16,,Yes,Yes,Yes,64-bit,SSE4.1/4.2, AVX 2.0,Yes,Yes,Yes,Yes,,
Intel Xeon Processor E5 v2 Family,Server,E3-1280V6,$383.00 ,4,8,3.90 GHz,4.20 GHz,8 MB,8 GT/s DMI3,72 W,No,Yes,64 GB,DDR4-2400, DDR3L-1866,2,37.5 GB/s,Yes,3,1x16, 2x8, 1x8+2x4,16,,Yes,Yes,Yes,64-bit,SSE4.1/4.2, AVX 2.0,Yes,Yes,Yes,Yes,,
Intel Xeon Processor E5 v3 Family,Server,E3-1285V6,$450.00 ,4,8,4.10 GHz,4.50 GHz,8 MB,8 GT/s DMI3,79 W,No,Yes,64 GB,DDR4-2400, DDR3L-1866,2,37.5 GB/s,Yes,3,1x16, 2x8, 1x8+2x4,16,,Yes,Yes,Yes,64-bit,SSE4.1/4.2, AV2.0,Yes,Yes,Yes,Yes,,
Intel Xeon Processor E5 v3 Family,Server,E3-1225V5,$213.00 - $224.00,4,4,3.30 GHz,3.70 GHz,8 MB SmartCache,8 GT/s DMI3,80 W,Yes,Yes,64 GB,DDR4-1866/2133, DDR3L-1333/1600 @ 1.35V,2,34.1 GB/s,Yes,3,1x16, 2x8, 1x8+2x4,16,,No,Yes,Yes,64-bit,SSE4.1/4.2, AVX 2.0,Yes,Yes,Yes,Yes,,
Intel Xeon Processor E5 v3 Family,Server,E3-1230V5,$250.00 - $261.00,4,8,3.40 GHz,3.80 GHz,8 MB SmartCache,8 GT/s DMI3,80 W,No,Yes,64 GB,DDR4-1866/2133, DDR3L-1333/1600 @ 1.35V,2,34.1 GB/s,Yes,3,1x16, 2x8, 1x8+2x4,16,,Yes,Yes,Yes,64-bit,SSE4.1/4.2, AVX 2.0,Yes,Yes,Yes,Yes,,
Intel Xeon Processor E5 v3 Family,Server,E3-1240V5,$272.00 - $282.00,4,8,3.50 GHz,3.90 GHz,8 MB SmartCache,8 GT/s DMI3,80 W,No,Yes,64 GB,DDR4-1866/2133, DDR3L-1333/1600 @ 1.35V,2,34.1 GB/s,Yes,3,1x16, 2x8, 1x8+2x4,16,,Yes,Yes,Yes,64-bit,SSE4.1/4.2, AVX 2.0,Yes,Yes,Yes,Yes,,
Intel Xeon Processor E5 v3 Family,Server,E3-1235LV5,$250.00 ,4,4,2.00 GHz,3.00 GHz,8 MB SmartCache,8 GT/s DMI3,25 W,No,Yes,64 GB,DDR4-1866/2133, DDR3L-1333/1600 @ 1.35V,2,34.1 GB/s,Yes,3,1x16, 2x8, 1x8+2x4,16,,No,Yes,Yes,64-bit,SSE4.1/4.2, AVX 2.0,Yes,Yes,Yes,Yes,,
Intel Xeon Processor E5 v3 Family,Server,E3-1240LV5,$278.00 ,4,8,2.10 GHz,3.20 GHz,8 MB SmartCache,8 GT/s DMI3,25 W,No,Yes,64 GB,DDR4-1866/2133, DDR3L-1333/1600 @ 1.35V,2,34.1 GB/s,Yes,3,1x16, 2x8, 1x8+2x4,16,,Yes,Yes,Yes,64-bit,SSE4.1/4.2, AVX 2.0,Yes,Yes,Yes,Yes,,
Intel Xeon Processor E5 v3 Family,Server,E3-1245V5,$284.00 - $294.00,4,8,3.50 GHz,3.90 GHz,8 MB SmartCache,8 GT/s DMI3,80 W,No,Yes,64 GB,DDR4-1866/2133, DDR3L-1333/1600 @ 1.35V,2,34.1 GB/s,Yes,3,1x16, 2x8, 1x8+2x4,16,,Yes,Yes,Yes,64-bit,SSE4.1/4.2, AVX 2.0,Yes,Yes,Yes,Yes,,
Intel Xeon Processor E5 v3 Family,Server,E3-1260LV5,$294.00 ,4,8,2.90 GHz,3.90 GHz,8 MB SmartCache,8 GT/s DMI3,45 W,No,Yes,64 GB,DDR4-1866/2133, DDR3L-1333/1600 @ 1.35V,2,34.1 GB/s,Yes,3,1x16, 2x8, 1x8+2x4,16,,Yes,Yes,Yes,64-bit,SSE4.1/4.2, AVX 2.0,Yes,Yes,Yes,Yes,,
Intel Xeon Processor E5 v3 Family,Server,E3-1270V5,$328.00 - $339.00,4,8,3.60 GHz,4.00 GHz,8 MB SmartCache,8 GT/s DMI3,80 W,No,Yes,64 GB,DDR4-1866/2133, DDR3L-1333/1600 @ 1.35V,2,34.1 GB/s,Yes,3,1x16, 2x8, 1x8+2x4,16,,Yes,Yes,Yes,64-bit,SSE4.1/4.2, AVX 2.0,Yes,Yes,Yes,Yes,,
Intel Xeon Processor E5 v3 Family,Server,E3-1275V5,$339.00 - $350.00,4,8,3.60 GHz,4.00 GHz,8 MB SmartCache,8 GT/s DMI3,80 W,Yes,Yes,64 GB,DDR4-1866/2133, DDR3L-1333/1600 @ 1.35V,2,34.1 GB/s,Yes,3,1x16, 2x8, 1x8+2x4,16,,Yes,Yes,Yes,64-bit,SSE4.1/4.2, AVX 2.0,Yes,Yes,Yes,Yes,,
Intel Xeon Processor E5 v3 Family,Server,E3-1280V5,$612.00 ,4,8,3.70 GHz,4.00 GHz,8 MB SmartCache,8 GT/s DMI3,80 W,No,Yes,64 GB,DDR4-1866/2133, DDR3L-1333/1600 @ 1.35V,2,34.1 GB/s,Yes,3,1x16, 2x8, 1x8+2x4,16,,Yes,Yes,Yes,64-bit,SSE4.1/4.2, AVX 2.0,Yes,Yes,Yes,Yes,,
Intel Xeon Processor E5 v3 Family,Server,E3-1565LV5,$417.00 ,4,8,2.50 GHz,3.50 GHz,8 MB,8 GT/s DMI3,35 W,No,Yes,64 GB,DDR3L,LPDDR3 1600MHz, DDR4 2133MHz at 1.2V,2,,Yes,3,1x16,2x8,1x8+2x4,16,0,100,Yes,Yes,Yes,64-bit,SSE4.1/4.2 AVX 2.0,Yes,,,Yes,
Intel Xeon Processor E5 v3 Family,Server,E3-1585LV5,$445.00 ,4,8,3.00 GHz,3.70 GHz,8 MB,8 GT/s DMI3,45 W,No,Yes,64 GB,DDR3L,LPDDR3 1600MHz, DDR4 2133MHz at 1.2V,2,,Yes,3,1x16,2x8,1x8+2x4,16,0,100,Yes,Yes,Yes,64-bit,SSE4.1/4.2 AVX 2.0,Yes,,,Yes,
Intel Xeon Processor E5 v3 Family,Server,E3-1585V5,$556.00 ,4,8,3.50 GHz,3.90 GHz,8 MB,8 GT/s DMI3,65 W,No,Yes,64 GB,DDR3L,LPDDR3 1600MHz, DDR4 2133MHz at 1.2V,2,,Yes,3,1x16,2x8,1x8+2x4,16,0,100,Yes,Yes,Yes,64-bit,SSE4.1/4.2 AVX 2.0,Yes,,,Yes,
Intel Xeon Processor E5 v3 Family,Server,E3-1265LV4,$417.00 ,4,8,2.30 GHz,3.30 GHz,6 MB,5 GT/s DMI,35 W,No,Yes,32 GB,DDR3 and DDR3L 1333/1600/1866 at 1.5V,2,29.8 GB/s,Yes,3,1x16,16,,Yes,Yes,Yes,64-bit,SSE4.1/4.2 AVX 2.0,Yes,,,Yes,,,,,,
Intel Xeon Processor E5 v3 Family,Server,E3-1285V4,$556.00 ,4,8,3.50 GHz,3.80 GHz,6 MB,5 GT/s DMI,95 W,No,Yes,32 GB,DDR3 and DDR3L 1333/1600/1866 at 1.5V,2,29.8 GB/s,Yes,3,1x16,16,,Yes,Yes,Yes,64-bit,SSE4.1/4.2 AVX 2.0,Yes,,,Yes,,,,,,
Intel Xeon Processor E5 v3 Family,Server,E3-1285LV4,$445.00 ,4,8,3.40 GHz,3.80 GHz,6 MB,5 GT/s DMI,65 W,No,Yes,32 GB,DDR3 and DDR3L 1333/1600/1866 at 1.5V,2,29.8 GB/s,Yes,3,1x16,16,,Yes,Yes,Yes,64-bit,SSE4.1/4.2 AVX 2.0,Yes,,,Yes,,,,,,
Intel Xeon Processor E5 v3 Family,Server,E3-1220LV3,N/A,2,4,1.10 GHz,1.50 GHz,4 MB SmartCache,5 GT/s DMI,13 W,No,Yes,32 GB,DDR3 1333/1600,2,25.6 GB/s,Yes,3,1x16, 2x8, 1x8/2x4,16,,Yes,Yes,Yes,64-bit,SSE4.1/4.2, AVX 2.0,Yes,Yes,Yes,Yes,,,
Intel Xeon Processor E5 v3 Family,Server,E3-1226V3,$213.00 - $224.00,4,4,3.30 GHz,3.70 GHz,8 MB SmartCache,5 GT/s DMI2,84 W,No,Yes,32 GB,DDR3 and DDR3L 1333/1600 at 1.5V,2,25.6 GB/s,Yes,3,1x16, 2x8, 1x8/2x4,16,,No,Yes,Yes,64-bit,SSE4.1/4.2, AVX 2.0,Yes,Yes,Yes,Yes,,,
Intel Xeon Processor E5 v3 Family,Server,E3-1225V3,$213.00 - $224.00,4,4,3.20 GHz,3.60 GHz,8 MB SmartCache,5 GT/s DMI,84 W,Yes,Yes,32 GB,DDR3 and DDR3L 1333/1600 at 1.5V,2,25.6 GB/s,Yes,3,1x16, 2x8, 1x8/2x4,16,,No,Yes,Yes,64-bit,SSE4.1/4.2, AVX 2.0,Yes,Yes,Yes,Yes,,,
Intel Xeon Processor E5 v3 Family,Server,E3-1230Lv3,$250.00 ,4,8,1.80 GHz,2.80 GHz,8 MB SmartCache,5 GT/s DMI,25 W,No,Yes,32 GB,DDR3 and DDR3L 1333/1600 at 1.5V,2,25.6 GB/s,Yes,3,1x16, 2x8, 1x8/2x4,16,,Yes,Yes,Yes,64-bit,SSE4.1/4.2, AVX 2.0,Yes,Yes,Yes,Yes,,,
Intel Xeon Processor E5 v3 Family,Server,E3-1231V3,$240.00 - $250.00,4,8,3.40 GHz,3.80 GHz,8 MB SmartCache,5 GT/s DMI2,80 W,No,Yes,32 GB,DDR3 and DDR3L 1333/1600 at 1.5V,2,25.6 GB/s,Yes,3,1x16, 2x8, 1x8/2x4,16,,Yes,Yes,Yes,64-bit,SSE4.1/4.2, AVX 2.0,Yes,Yes,Yes,Yes,,,
Intel Xeon Processor E5 v3 Family,Server,E3-1240LV3,$278.00 ,4,8,2.00 GHz,3.00 GHz,8 MB SmartCache,5 GT/s DMI2,25 W,No,Yes,32 GB,DDR3 and DDR3L 1333/1600 at 1.5V,2,25.6 GB/s,Yes,3,1x16, 2x8, 1x8/2x4,16,,Yes,Yes,Yes,64-bit,SSE4.1/4.2, AVX 2.0,Yes,Yes,Yes,Yes,,,
Intel Xeon Processor E5 v3 Family,Server,E3-1241V3,$262.00 - $273.00,4,8,3.50 GHz,3.90 GHz,8 MB SmartCache,5 GT/s DMI2,80 W,No,Yes,32 GB,DDR3 and DDR3L 1333/1600 at 1.5V,2,25.6 GB/s,Yes,3,1x16, 2x8, 1x8/2x4,16,,Yes,Yes,Yes,64-bit,SSE4.1/4.2, AVX 2.0,Yes,Yes,Yes,Yes,,,
Intel Xeon Processor E5 v3 Family,Server,E3-1246V3,$276.00 - $287.00,4,8,3.50 GHz,3.90 GHz,8 MB SmartCache,5 GT/s DMI2,84 W,No,Yes,32 GB,DDR3 and DDR3L 1333/1600 at 1.5V,2,25.6 GB/s,Yes,3,1x16, 2x8, 1x8/2x4,16,,Yes,Yes,Yes,64-bit,SSE4.1/4.2, AVX 2.0,Yes,Yes,Yes,Yes,,,
Intel Xeon Processor E5 v3 Family,Server,E3-1265Lv3,$294.00 ,4,8,2.50 GHz,3.70 GHz,8 MB SmartCache,5 GT/s DMI,45 W,No,Yes,32 GB,DDR3 and DDR3L 1333/1600 at 1.5V,2,25.6 GB/s,Yes,3,1x16, 2x8, 1x8/2x4,16,,Yes,Yes,Yes,64-bit,SSE4.1/4.2, AVX 2.0,Yes,Yes,Yes,Yes,,,
Intel Xeon Processor E5 v3 Family,Server,E3-1271V3,$328.00 - $339.00,4,8,3.60 GHz,4.00 GHz,8 MB SmartCache,5 GT/s DMI2,80 W,No,Yes,32 GB,DDR3 and DDR3L 1333/1600 at 1.5V,2,25.6 GB/s,Yes,3,1x16, 2x8, 1x8/2x4,16,,Yes,Yes,Yes,64-bit,SSE4.1/4.2, AVX 2.0,Yes,Yes,Yes,Yes,,,
Intel Xeon Processor E5 v3 Family,Server,E3-1275LV3,$328.00 ,4,8,2.70 GHz,3.90 GHz,8 MB SmartCache,5 GT/s DMI,45 W,No,Yes,32 GB,DDR3 1333/1600,2,25.6 GB/s,Yes,3,1x16, 2x8, 1x8/2x4,16,,Yes,Yes,Yes,64-bit,SSE4.1/4.2, AVX 2.0,Yes,Yes,Yes,Yes,,,
Intel Xeon Processor E5 v3 Family,Server,E3-1276V3,$339.00 - $350.00,4,8,3.60 GHz,4.00 GHz,8 MB SmartCache,5 GT/s DMI2,84 W,No,Yes,32 GB,DDR3 and DDR3L 1333/1600 at 1.5V,2,25.6 GB/s,Yes,3,1x16, 2x8, 1x8/2x4,16,,Yes,Yes,Yes,64-bit,SSE4.1/4.2, AVX 2.0,Yes,Yes,Yes,Yes,,,
Intel Xeon Processor E5 v3 Family,Server,E3-1281V3,$612.00 ,4,8,3.70 GHz,4.10 GHz,8 MB SmartCache,5 GT/s DMI2,82 W,No,Yes,32 GB,DDR3 and DDR3L 1333/1600 at 1.5V,2,25.6 GB/s,Yes,3,1x16, 2x8, 1x8/2x4,16,,Yes,Yes,Yes,64-bit,SSE4.1/4.2, AVX 2.0,Yes,Yes,Yes,Yes,,,
Intel Xeon Processor E5 v3 Family,Server,E3-1225V2,$186.00 - $224.00,4,4,3.20 GHz,3.60 GHz,8 MB SmartCache,5 GT/s DMI,77 W,Yes,Yes,32.77 GB,DDR3 1333/1600,2,25.6 GB/s,Yes,3,1x16 & 1x4, 2x8 & 1x4 or 1x8 & 3x4,,,No,Yes,Yes,64-bit,SSE4.1/4.2, AVX,Yes,Yes,,Yes,,,,
Intel Xeon Processor E5 v3 Family,Server,E3-1275V2,$319.00 - $350.00,4,8,3.50 GHz,3.90 GHz,8 MB SmartCache,5 GT/s DMI,77 W,Yes,Yes,32.77 GB,DDR3 1333/1600,2,25.6 GB/s,Yes,3,1x16 & 1x4, 2x8 & 1x4 or 1x8 & 3x4,,,Yes,Yes,Yes,64-bit,SSE4.1/4.2, AVX,Yes,Yes,,Yes,,,,
Intel Xeon Processor E5 v3 Family,Server,D-1518,$234.00 ,4,8,2.20 GHz,2.20 GHz,6 MB,,35 W,Yes,Yes,128 GB,DDR4, DDR3,2,,Yes,2.0/3.0,x4 x8 x16,32,,Yes,Yes,Yes,64-bit,AVX 2.0,Yes,Yes,Yes,Yes,,,,,
Intel Xeon Processor E5 v3 Family,Server,D-1520,$199.00 ,4,8,2.20 GHz,2.60 GHz,6 MB,,45 W,No,Yes,128 GB,DDR4,2,,Yes,2.0/3.0,x4 x8 x16,32,80Â°C ,Yes,Yes,Yes,64-bit,AVX 2.0,Yes,Yes,Yes,Yes,,,,,,
Intel Xeon Processor E5 v4 Family,Server,D-1521,$199.00 ,4,8,2.40 GHz,2.70 GHz,6 MB,,45 W,No,Yes,128 GB,DDR4, DDR3,2,,Yes,2.0/3.0,x4 x8 x16,32,,Yes,Yes,Yes,64-bit,AVX 2.0,Yes,Yes,Yes,Yes,,,,,
Intel Xeon Processor E5 v4 Family,Server,D-1523N,$256.00 ,4,8,2.00 GHz,2.60 GHz,6 MB,,45 W,No,Yes,128 GB,DDR4, DDR3,2,,Yes,2.0/3.0,x4 x8 x16,32,,Yes,Yes,Yes,64-bit,AVX 2.0,Yes,Yes,Yes,Yes,,,,,
Intel Xeon Processor E5 v4 Family,Server,D-1527,$259.00 ,4,8,2.20 GHz,2.70 GHz,6 MB,,35 W,Yes,Yes,128 GB,DDR4, DDR3,2,,Yes,2.0/3.0,x4 x8 x16,32,,Yes,Yes,Yes,64-bit,AVX 2.0,Yes,Yes,Yes,Yes,,,,,
Intel Xeon Processor E5 v4 Family,Server,D-1528,$389.00 ,6,12,1.90 GHz,2.50 GHz,9 MB,,35 W,Yes,Yes,128 GB,DDR4, DDR3,2,,Yes,2.0/3.0,x4 x8 x16,32,,Yes,Yes,Yes,64-bit,AVX 2.0,Yes,Yes,Yes,Yes,,,,,
Intel Xeon Processor E5 v4 Family,Server,D-1529,$324.00 ,4,8,1.30 GHz,1.30 GHz,6 MB,,20 W,Yes,Yes,128 GB,DDR4, DDR3,2,,Yes,2.0/3.0,x4 x8 x16,24,,Yes,Yes,Yes,64-bit,AVX 2.0,Yes,Yes,Yes,Yes,,,,,
Intel Xeon Processor E5 v4 Family,Server,D-1531,$348.00 ,6,12,2.20 GHz,2.70 GHz,9 MB,,45 W,No,Yes,128 GB,DDR4, DDR3,2,,Yes,2.0/3.0,x4 x8 x16,32,,Yes,Yes,Yes,64-bit,AVX 2.0,Yes,Yes,Yes,Yes,,,,,
Intel Xeon Processor E5 v4 Family,Server,D-1533N,$470.00 ,6,12,2.10 GHz,2.70 GHz,9 MB,,45 W,No,Yes,128 GB,DDR4, DDR3,2,,Yes,2.0/3.0,x4 x8 x16,32,,Yes,Yes,Yes,64-bit,AVX 2.0,Yes,Yes,Yes,Yes,,,,,
Intel Xeon Processor E5 v4 Family,Server,D-1537,$571.00 ,8,16,1.70 GHz,2.30 GHz,12 MB,,35 W,Yes,Yes,128 GB,DDR4, DDR3,2,,Yes,2.0/3.0,x4 x8 x16,32,,Yes,Yes,Yes,64-bit,AVX 2.0,Yes,Yes,Yes,Yes,,,,,
Intel Xeon Processor E5 v4 Family,Server,D-1539,$590.00 ,8,16,1.60 GHz,2.20 GHz,12 MB,,35 W,Yes,Yes,128 GB,DDR4, DDR3,2,,Yes,2.0/3.0,x4 x8 x16,32,,Yes,Yes,Yes,64-bit,AVX 2.0,Yes,Yes,Yes,Yes,,,,,
Intel Xeon Processor E5 v4 Family,Server,D-1540,$581.00 ,8,16,2.00 GHz,2.60 GHz,12 MB,,45 W,No,Yes,128 GB,DDR4,2,,Yes,2.0/3.0,x4 x8 x16,32,80Â°C ,Yes,Yes,Yes,64-bit,AVX 2.0,Yes,Yes,Yes,Yes,,,,,,
Intel Xeon Processor E5 v4 Family,Server,D-1541,$581.00 ,8,16,2.10 GHz,2.70 GHz,12 MB,,45 W,No,Yes,128 GB,DDR4, DDR3,2,,Yes,2.0/3.0,x4 x8 x16,32,,Yes,Yes,Yes,64-bit,AVX 2.0,Yes,Yes,Yes,Yes,,,,,
Intel Xeon Processor E5 v4 Family,Server,D-1543N,$652.00 ,8,16,1.90 GHz,2.50 GHz,12 MB,,45 W,No,Yes,128 GB,DDR4, DDR3,2,,Yes,2.0/3.0,x4 x8 x16,32,,Yes,Yes,Yes,64-bit,AVX 2.0,Yes,Yes,Yes,Yes,,,,,
Intel Xeon Processor E5 v4 Family,Server,D-1548,$675.00 ,8,16,2.00 GHz,2.60 GHz,12 MB,,45 W,Yes,Yes,128 GB,DDR4, DDR3,2,,Yes,2.0/3.0,x4 x8 x16,32,,Yes,Yes,Yes,64-bit,AVX 2.0,Yes,Yes,Yes,Yes,,,,,
Intel Xeon Processor E5 v4 Family,Server,D-1559,$883.00 ,12,24,1.50 GHz,2.10 GHz,18 MB,,45 W,Yes,Yes,128 GB,DDR4, DDR3,2,,Yes,2.0/3.0,x4 x8 x16,32,,Yes,Yes,Yes,64-bit,AVX 2.0,Yes,Yes,Yes,Yes,,,,,
Intel Xeon Processor E5 v4 Family,Server,D-1557,$844.00 ,12,24,1.50 GHz,2.10 GHz,18 MB,,45 W,Yes,Yes,128 GB,DDR4, DDR3,2,,Yes,2.0/3.0,x4 x8 x16,32,,Yes,Yes,Yes,64-bit,AVX 2.0,Yes,Yes,Yes,Yes,,,,,
Intel Xeon Processor E5 v4 Family,Server,D-1567,$1,299,12,24,2.10 GHz,2.70 GHz,18 MB,,65 W,Yes,Yes,128 GB,DDR4, DDR3,2,,Yes,2.0/3.0,x4 x8 x16,32,,Yes,Yes,Yes,64-bit,AVX 2.0,Yes,Yes,Yes,Yes,,,,
Intel Xeon Processor E5 v4 Family,Server,D-1553N,$855.00 ,8,16,2.30 GHz,2.70 GHz,12 MB,,65 W,No,Yes,128 GB,DDR4, DDR3,2,,Yes,2.0/3.0,x4 x8 x16,32,,Yes,Yes,Yes,64-bit,AVX 2.0,Yes,Yes,Yes,Yes,,,,,
Intel Xeon Processor E5 v4 Family,Server,D-1571,$1,222,16,32,1.30 GHz,2.10 GHz,24 MB,,45 W,No,Yes,128 GB,DDR4, DDR3,2,,Yes,2.0/3.0,x4 x8 x16,32,,Yes,Yes,Yes,64-bit,AVX 2.0,Yes,Yes,Yes,Yes,,,,
Intel Xeon Processor E5 v4 Family,Server,D-1577,$1,477,16,32,1.30 GHz,2.10 GHz,24 MB,,45 W,Yes,Yes,128 GB,DDR4, DDR3,2,,Yes,2.0/3.0,x4 x8 x16,32,,Yes,Yes,Yes,64-bit,AVX 2.0,Yes,Yes,Yes,Yes,,,,
Intel Xeon Processor E5 v4 Family,Server,E5607,$276.00 - $279.00,4,4,2.26 GHz,,8 MB SmartCache,4.8 GT/s QPI,80 W,No,Yes,288 GB,DDR3 800/1066 ,3,25.6 GB/s,Yes,,,,,No,Yes,Yes,64-bit,SSE4.2,Yes,No,,Yes,,,,,,
Intel Xeon Processor E5 v4 Family,Server,E5620,$369.00 - $391.00,4,8,2.40 GHz,2.66 GHz,12 MB SmartCache,5.86 GT/s QPI,80 W,Yes,Yes,288 GB,DDR3 800/1066 ,3,25.6 GB/s,Yes,,,,77.6Â°C,Yes,Yes,Yes,64-bit,SSE4.2,Yes,No,,Yes,,,,,,
Intel Xeon Processor E5 v4 Family,Server,,N/A,1,,3.80 GHz,,2 MB L2,800 MHz FSB,110 W,No,,,,,,No,,,,73Â°C,Yes,No,Yes,64-bit,,Yes,,,Yes,,,,,,
Intel Xeon Processor E5 v4 Family,Server,,N/A,1,,3.80 GHz,,2 MB L2,800 MHz FSB,110 W,No,,,,,,No,,,,73Â°C,Yes,No,Yes,64-bit,,Yes,,,Yes,,,,,,
Intel Xeon Processor E5 v4 Family,Server,E5645,$525.00 - $554.00,6,12,2.40 GHz,2.67 GHz,12 MB SmartCache,5.86 GT/s QPI,80 W,Yes,Yes,288 GB,DDR3 800/1066/1333 ,3,32 GB/s,Yes,,,,76.2Â°C,Yes,Yes,Yes,64-bit,SSE4.2,Yes,No,,Yes,,,,,,
Intel Xeon Processor E5 v4 Family,Server,E5649,$774.00 - $777.00,6,12,2.53 GHz,2.93 GHz,12 MB SmartCache,5.86 GT/s QPI,80 W,No,Yes,288 GB,DDR3 800/1066/1333 ,3,32 GB/s,Yes,,,,76.2Â°C,Yes,Yes,Yes,64-bit,SSE4.2,Yes,No,,Yes,,,,,,
Intel Xeon Processor E5 v4 Family,Server,,N/A,1,,3.60 GHz,,2 MB L2,800 MHz FSB,110 W,No,,,,,,No,,,,73Â°C,Yes,No,Yes,64-bit,,Yes,,,Yes,,,,,,
Intel Xeon Processor E5 v4 Family,Server,,N/A,1,,3.60 GHz,,2 MB L2,800 MHz FSB,110 W,No,,,,,,,,,,72Â°C,Yes,No,,64-bit,,,,,,,,,,,
Intel Xeon Processor E5 v4 Family,Server,L5618,$437.00 ,4,8,1.87 GHz,2.26 GHz,12 MB,5.86 GT/s QPI,40 W,Yes,Yes,,,,,,,,,87Â°C,Yes,Yes,Yes,,,Yes,,,,,,,,,
Intel Xeon Processor E5 v4 Family,Server,E5502,N/A,2,2,1.86 GHz,,4 MB SmartCache,4.8 GT/s QPI,80 W,No,,144 GB,DDR3 800,3,19.2 GB/s,Yes,,,,76Â°C,No,Yes,Yes,64-bit,,Yes,,,Yes,,,,,,
Intel Xeon Processor E5 v4 Family,Server,E5503,N/A,2,2,2.00 GHz,,4 MB SmartCache,4.8 GT/s QPI,80 W,No,,144 GB,DDR3 800,3,19.2 GB/s,Yes,,,,76Â°C,No,Yes,Yes,64-bit,,Yes,No,,Yes,,,,,,
Intel Xeon Processor E5 v4 Family,Server,,N/A,1,,3.40 GHz,,2 MB L2,800 MHz FSB,110 W,No,,,,,,No,,,,73Â°C,Yes,No,Yes,64-bit,,Yes,,,Yes,,,,,,
Intel Xeon Processor E5 v4 Family,Server,E5504,$221.00 ,4,4,2.00 GHz,,4 MB SmartCache,4.8 GT/s QPI,80 W,Yes,,144 GB,DDR3 800,3,19.2 GB/s,Yes,,,,76Â°C,No,Yes,Yes,64-bit,,Yes,,,Yes,,,,,,
Intel Xeon Processor E5 v4 Family,Server,L5638,$525.00 ,6,12,2.00 GHz,2.40 GHz,12 MB,5.86 GT/s QPI,60 W,Yes,Yes,,,,,,,,,85Â°C,Yes,Yes,Yes,,,Yes,,,,,,,,,
Intel Xeon Processor E5 v4 Family,Server,E5506,N/A,4,4,2.13 GHz,,4 MB SmartCache,4.8 GT/s QPI,80 W,No,,144 GB,DDR3 800,3,19.2 GB/s,Yes,,,,76Â°C,No,Yes,Yes,64-bit,,Yes,,,Yes,,,,,,
Intel Xeon Processor E5 v4 Family,Server,E5507,N/A,4,4,2.26 GHz,,4 MB SmartCache,4.8 GT/s QPI,80 W,No,,144 GB,DDR3 800,3,19.2 GB/s,Yes,,,,76Â°C,No,Yes,Yes,64-bit,,Yes,,,Yes,,,,,,
Intel Xeon Processor E5 v4 Family,Server,E5220,$317.00 ,2,,2.33 GHz,,6 MB L2,1333 MHz FSB,65 W,Yes,Yes,,,,,,,,,66Â°C,No,Yes,Yes,64-bit,,No,,,Yes,,,,,,
Intel Xeon Processor E5 v4 Family,Server,E5440,$703.00 - $735.00,4,,2.83 GHz,,12 MB L2,1333 MHz FSB,80 W,Yes,Yes,,,,,,,,,67Â°C,No,Yes,Yes,64-bit,,Yes,Yes,,Yes,,,,,,
Intel Xeon Processor E7 v2 Family,Server,,N/A,1,,2.00 GHz,,512 KB L2,400 MHz FSB,58 W,Yes,,,,,,,,,,70Â°C,Yes,No,,32-bit,,,,,,,,,,,
Intel Xeon Processor E7 v2 Family,Server,,N/A,1,,3.20 GHz,,2 MB L2,800 MHz FSB,110 W,No,,,,,,No,,,,73Â°C,Yes,No,Yes,64-bit,,Yes,,,Yes,,,,,,
Intel Xeon Processor E7 v2 Family,Server,E5520,N/A,4,8,2.26 GHz,2.53 GHz,8 MB SmartCache,5.86 GT/s QPI,80 W,No,,144 GB,DDR3 800/1066 ,3,25.6 GB/s,Yes,,,,72Â°C,Yes,Yes,Yes,64-bit,,Yes,,,Yes,,,,,,
Intel Xeon Processor E7 v2 Family,Server,E5530,N/A,4,8,2.40 GHz,2.66 GHz,8 MB SmartCache,5.86 GT/s QPI,80 W,No,,144 GB,DDR3 800/1066 ,3,25.6 GB/s,Yes,,,,76Â°C,Yes,Yes,Yes,64-bit,,Yes,,,Yes,,,,,,
Intel Xeon Processor E7 v2 Family,Server,E5540,$940.00 ,4,8,2.53 GHz,2.80 GHz,8 MB SmartCache,5.86 GT/s QPI,80 W,Yes,,144 GB,DDR3 800/1066 ,3,25.6 GB/s,Yes,,,,76Â°C,Yes,Yes,Yes,64-bit,,Yes,,,Yes,,,,,,
Intel Xeon Processor E7 v2 Family,Server,L5506,N/A,4,4,2.13 GHz,,4 MB SmartCache,4.8 GT/s QPI,60 W,No,,144 GB,DDR3 800,3,19.2 GB/s,Yes,,,,70Â°C,No,Yes,Yes,64-bit,,Yes,,,Yes,,,,,,
Intel Xeon Processor E7 v2 Family,Server,L5215,N/A,2,,1.86 GHz,,6 MB L2,1066 MHz FSB,20 W,No,Yes,,,,,,,,,75Â°C,No,Yes,Yes,64-bit,,Yes,,,Yes,,,,,,
Intel Xeon Processor E7 v2 Family,Server,5130,N/A,2,,2.00 GHz,,4 MB L2,1333 MHz FSB,65 W,Yes,Yes,,,,,,,,,65Â°C,No,Yes,Yes,64-bit,,Yes,Yes,,Yes,,,,,,
Intel Xeon Processor E7 v2 Family,Server,L5410,$351.00 - $393.00,4,,2.33 GHz,,12 MB L2,1333 MHz FSB,50 W,Yes,Yes,,,,,,,,,57Â°C,No,Yes,Yes,64-bit,,Yes,,,Yes,,,,,,
Intel Xeon Processor E7 v2 Family,Server,,N/A,1,,1.80 GHz,,512 KB L2,400 MHz FSB,55 W,Yes,,,,,,,,,,69Â°C,Yes,No,,32-bit,,,,,,,,,,,
Intel Xeon Processor E7 v2 Family,Server,5140,$478.00 ,2,,2.33 GHz,,4 MB L2,1333 MHz FSB,65 W,Yes,Yes,,,,,,,,,65Â°C,No,Yes,Yes,64-bit,,Yes,Yes,,Yes,,,,,,
Intel Xeon Processor E7 v2 Family,Server,,N/A,1,,3.00 GHz,,2 MB L2,800 MHz FSB,55 W,No,,,,,,,,,,86Â°C,Yes,No,,64-bit,,,,,,,,,,,
Intel Xeon Processor E7 v2 Family,Server,L5520,N/A,4,8,2.26 GHz,2.48 GHz,8 MB SmartCache,5.86 GT/s QPI,60 W,No,,144 GB,DDR3 800/1066 ,3,25.6 GB/s,Yes,,,,70Â°C,Yes,Yes,Yes,64-bit,,Yes,,,Yes,,,,,,
Intel Xeon Processor E7 v2 Family,Server,L5240,N/A,2,,3.00 GHz,,6 MB L2,1333 MHz FSB,40 W,No,,,,,,,,,,56Â°C,No,Yes,Yes,64-bit,,No,,,Yes,,,,,,
Intel Xeon Processor E7 v2 Family,Server,E5345,N/A,4,,2.33 GHz,,8 MB L2,1333 MHz FSB,80 W,Yes,,,,,,No,,,,66Â°C,No,Yes,Yes,64-bit,,Yes,Yes,,Yes,,,,,,
Intel Xeon Processor E7 v2 Family,Server,X3430,$203.00 - $224.00,4,4,2.40 GHz,2.80 GHz,8 MB SmartCache,2.5 GT/s DMI,95 W,Yes,Yes,32 GB,DDR3 800/1066/1333 ,2,21 GB/s,Yes,2,1x16, 2x8, 4x4,16,72.7Â°C,No,Yes,Yes,64-bit,SSE4.2,Yes,No,,Yes,,,,
Intel Xeon Processor E7 v2 Family,Server,L5530,N/A,4,8,2.40 GHz,2.66 GHz,8 MB SmartCache,5.86 GT/s QPI,60 W,No,,144 GB,DDR3 800/1066 ,3,25.6 GB/s,Yes,,,,70Â°C,Yes,Yes,Yes,64-bit,,Yes,,,Yes,,,,,,
Intel Xeon Processor E7 v2 Family,Server,5113,N/A,2,,1.60 GHz,,4 MB L2,800 MHz FSB,40 W,No,Yes,,,,,,,,,,No,Yes,Yes,64-bit,,,,,Yes,,,,,,
Intel Xeon Processor E7 v2 Family,Server,,N/A,1,,2.80 GHz,,2 MB L2,800 MHz FSB,110 W,No,,,,,,No,,,,72Â°C,Yes,No,Yes,64-bit,,Yes,,,Yes,,,,,,
Intel Xeon Processor E7 v2 Family,Server,W5580,N/A,4,8,3.20 GHz,3.46 GHz,8 MB SmartCache,6.4 GT/s QPI,130 W,No,,144 GB,DDR3 800/1066/1333 ,3,32 GB/s,Yes,,,,67Â°C,Yes,Yes,Yes,64-bit,,Yes,,,Yes,,,,,,
Intel Xeon Processor E7 v3 Family,Server,X3450,$237.00 - $261.00,4,8,2.66 GHz,3.20 GHz,8 MB SmartCache,2.5 GT/s DMI,95 W,Yes,Yes,32 GB,DDR3 800/1066/1333 ,2,21 GB/s,Yes,2,1x16, 2x8, 4x4,16,72.7Â°C,Yes,Yes,Yes,64-bit,SSE4.2,Yes,No,,Yes,,,,
Intel Xeon Processor E7 v3 Family,Server,W5590,N/A,4,8,3.33 GHz,3.60 GHz,8 MB SmartCache,6.4 GT/s QPI,130 W,No,,144 GB,DDR3 800/1066/1333 ,3,32 GB/s,Yes,,,,67Â°C,Yes,Yes,Yes,64-bit,,Yes,,,Yes,,,,,,
Intel Xeon Processor E7 v3 Family,Server,X5260,N/A,2,,3.33 GHz,,6 MB L2,1333 MHz FSB,80 W,No,,,,,,,,,,66Â°C,No,Yes,Yes,64-bit,,Yes,Yes,,Yes,,,,,,
Intel Xeon Processor E7 v3 Family,Server,5128,N/A,2,,1.86 GHz,,4 MB L2,1066 MHz FSB,40 W,Yes,Yes,,,,,,,,,58Â°C,No,Yes,Yes,64-bit,,Yes,Yes,,Yes,,,,,,
Intel Xeon Processor E7 v3 Family,Server,X5550,N/A,4,8,2.66 GHz,3.06 GHz,8 MB SmartCache,6.4 GT/s QPI,95 W,No,,144 GB,DDR3 800/1066/1333 ,3,32 GB/s,Yes,,,,75Â°C,Yes,Yes,Yes,64-bit,,Yes,,,Yes,,,,,,
Intel Xeon Processor E7 v3 Family,Server,X5270,N/A,2,,3.50 GHz,,6 MB L2,1333 MHz FSB,80 W,No,Yes,,,,,,,,,61Â°C,No,Yes,Yes,64-bit,,,,,Yes,,,,,,
Intel Xeon Processor E7 v3 Family,Server,W-2195,N/A,18,36,2.30 GHz,4.30 GHz,24.75 MB,0 GT/s QPI,140 W,No,Yes,512 GB,DDR4 1600/1866/2133/2400/2666,4,85.3 GB/s,Yes,3,x4, x8, x16,48,66,Yes,Yes,Yes,64-bit,Intel SSE4.2, Intel AVX, Intel AVX2, Intel AVX-512,Yes,Yes,Yes,Yes,
Intel Xeon Processor E7 v3 Family,Server,W-2155,$1,440,10,20,3.30 GHz,4.50 GHz,13.75 MB,0 GT/s QPI,140 W,No,Yes,512 GB,DDR4 1600/1866/2133/2400/2666,4,85.3 GB/s,Yes,3,x4, x8, x16,48,68,Yes,Yes,Yes,64-bit,Intel SSE4.2, Intel AVX, Intel AVX2, Intel AVX-512,Yes,Yes,Yes,Yes
Intel Xeon Processor E7 v3 Family,Server,W-2145,$1,113,8,16,3.70 GHz,4.50 GHz,11 MB,0 GT/s QPI,140 W,No,Yes,512 GB,DDR4 1600/1866/2133/2400/2666,4,85.3 GB/s,Yes,3,x4, x8, x16,48,70,Yes,Yes,Yes,64-bit,Intel SSE4.2, Intel AVX, Intel AVX2, Intel AVX-512,Yes,Yes,Yes,Yes
Intel Xeon Processor E7 v3 Family,Server,W-2135,$835.00 ,6,12,3.70 GHz,4.50 GHz,8.25 MB,0 GT/s QPI,140 W,No,Yes,512 GB,DDR4 1600/1866/2133/2400/2666,4,85.3 GB/s,Yes,3,x4, x8, x16,48,64,Yes,Yes,Yes,64-bit,Intel SSE4.2, Intel AVX, Intel AVX2, Intel AVX-512,Yes,Yes,Yes,Yes,
Intel Xeon Processor E7 v3 Family,Server,W-2133,$617.00 ,6,12,3.60 GHz,3.90 GHz,8.25 MB,0 GT/s QPI,140 W,No,Yes,512 GB,DDR4 1600/1866/2133/2400/2666,4,85.3 GB/s,Yes,3,x4, x8, x16,48,65,Yes,Yes,Yes,64-bit,Intel SSE4.2, Intel AVX, Intel AVX2, Intel AVX-512,Yes,Yes,Yes,Yes,
Intel Xeon Processor E7 v3 Family,Server,W-2125,$444.00 ,4,8,4.00 GHz,4.50 GHz,8.25 MB,0 GT/s QPI,120 W,No,Yes,512 GB,DDR4 1600/1866/2133/2400/2666,4,85.3 GB/s,Yes,3,x4, x8, x16,48,64,Yes,Yes,Yes,64-bit,Intel SSE4.2, Intel AVX, Intel AVX2, Intel AVX-512,Yes,Yes,Yes,Yes,
Intel Xeon Processor E7 v4 Family,Server,W-2123,$294.00 ,4,8,3.60 GHz,3.90 GHz,8.25 MB,0 GT/s QPI,120 W,No,Yes,512 GB,DDR4 1600/1866/2133/2400/2666,4,85.3 GB/s,Yes,3,x4, x8, x16,48,65,Yes,Yes,Yes,64-bit,Intel SSE4.2, Intel AVX, Intel AVX2, Intel AVX-512,Yes,Yes,Yes,Yes,
Intel Xeon Processor E7 v4 Family,Server,5133,N/A,2,,2.20 GHz,,4 MB L2,800 MHz FSB,40 W,No,Yes,,,,,,,,,,No,Yes,Yes,64-bit,,,,,Yes,,,,,,
Intel Xeon Processor E7 v4 Family,Server,X5560,N/A,4,8,2.80 GHz,3.20 GHz,8 MB SmartCache,6.4 GT/s QPI,95 W,No,,144 GB,DDR3 800/1066/1333 ,3,32 GB/s,Yes,,,,75Â°C,Yes,Yes,Yes,64-bit,,Yes,,,Yes,,,,,,
Intel Xeon Processor E7 v4 Family,Server,5138,$494.00 ,2,,2.13 GHz,,4 MB L2,1066 MHz FSB,35 W,Yes,Yes,,,,,,,,,70.8Â°C,No,Yes,Yes,64-bit,,Yes,Yes,,Yes,,,,,,
Intel Xeon Processor E7 v4 Family,Server,X5570,N/A,4,8,2.93 GHz,3.33 GHz,8 MB SmartCache,6.4 GT/s QPI,95 W,No,,144 GB,DDR3 800/1066/1333 ,3,32 GB/s,Yes,,,,75Â°C,Yes,Yes,Yes,64-bit,,Yes,,,Yes,,,,,,
Intel Xeon Processor E7 v4 Family,Server,5148,N/A,2,,2.33 GHz,,4 MB L2,1333 MHz FSB,40 W,Yes,Yes,,,,,No,,,,58Â°C,No,Yes,Yes,64-bit,,Yes,Yes,,Yes,,,,,,
Intel Xeon Processor E7 v4 Family,Server,,N/A,1,,2.83 GHz,,4 MB L2,667 MHz FSB,129 W,No,,,,,,,,,,73Â°C,,No,,32-bit,,,,,,,,,,,
Intel Xeon Processor E7 v4 Family,Server,7290,$3,213,72,,1.50 GHz,1.70 GHz,36 MB L2,,245 W,No,Yes,384 GB,DDR4-2400,6,115.2 GB/s,Yes,3,x16 port (Port and 3) may negotiate down to x8, x4, x2, or x1. x4 port (Port1) may negotiate down to x2, or x1,36,,,No,Yes,64-bit,Intel(R) AVX-512,Yes,Yes,,Yes,
Intel Xeon Processor E7 v4 Family,Server,7250F,$2,591,68,,1.40 GHz,1.60 GHz,34 MB L2,,230 W,No,Yes,384 GB,DDR4-2400,6,115.2 GB/s,Yes,3,x16 port (Port and 3) may negotiate down to x8, x4, x2, or x1. x4 port (Port1) may negotiate down to x2, or x1,4,,,No,Yes,64-bit,Intel(R) AVX-512,Yes,Yes,,Yes,
Intel Xeon Processor E7 v4 Family,Server,7250,$2,436,68,,1.40 GHz,1.60 GHz,34 MB L2,,215 W,No,Yes,384 GB,DDR4-2400,6,115.2 GB/s,Yes,3,x16 port (Port and 3) may negotiate down to x8, x4, x2, or x1. x4 port (Port1) may negotiate down to x2, or x1,36,,,No,Yes,64-bit,Intel(R) AVX-512,Yes,Yes,,Yes,
Intel Xeon Processor E7 v4 Family,Server,7230F,$2,147,64,,1.30 GHz,1.50 GHz,32 MB L2,,230 W,No,Yes,384 GB,DDR4-2400,6,115.2 GB/s,Yes,3,x16 port (Port and 3) may negotiate down to x8, x4, x2, or x1. x4 port (Port1) may negotiate down to x2, or x1,4,,,No,Yes,64-bit,Intel(R) AVX-512,Yes,Yes,,Yes,
Intel Xeon Processor E7 v4 Family,Server,7230,$1,992,64,,1.30 GHz,1.50 GHz,32 MB L2,,215 W,No,Yes,384 GB,DDR4-2400,6,115.2 GB/s,Yes,3,x16 port (Port and 3) may negotiate down to x8, x4, x2, or x1. x4 port (Port1) may negotiate down to x2, or x1,36,,,No,Yes,64-bit,Intel(R) AVX-512,Yes,Yes,,Yes,
Intel Xeon Processor W Family,Server,7210F,$2,36,64,,1.30 GHz,1.50 GHz,32 MB L2,,230 W,No,Yes,384 GB,DDR4-2133,6,102 GB/s,Yes,3,x16 port (Port and 3) may negotiate down to x8, x4, x2, or x1. x4 port (Port1) may negotiate down to x2, or x1,4,,,No,Yes,64-bit,Intel(R) AVX-512,Yes,Yes,,Yes,
Intel Xeon Processor W Family,Server,7210,$1,881,64,,1.30 GHz,1.50 GHz,32 MB L2,,215 W,No,Yes,384 GB,DDR4-2133,6,102 GB/s,Yes,3,x16 port (Port and 3) may negotiate down to x8, x4, x2, or x1. x4 port (Port1) may negotiate down to x2, or x1,36,,,No,Yes,64-bit,Intel(R) AVX-512,Yes,Yes,,Yes,
Intel Xeon Processor W Family,Server,9750,$3,750,4,8,2.53 GHz,,32 MB,6.4 GT/s QPI,170 W,No,,,,,,Yes,,,,95.0 C,Yes,Yes,,,,,,,Yes,,,,,
Intel Xeon Processor W Family,Server,9740,$2,650,8,16,2.13 GHz,,24 MB,6.4 GT/s QPI,170 W,No,,,,,,Yes,,,,95.0 C,Yes,Yes,,,,,,,Yes,,,,,
Intel Xeon Processor W Family,Server,9720,$1,350,4,8,1.73 GHz,,20 MB,6.4 GT/s QPI,130 W,No,,,,,,Yes,,,,95.0 C,Yes,Yes,,,,,,,Yes,,,,,
Intel Xeon Processor W Family,Server,9540,$2,650,8,16,2.13 GHz,,24 MB,6.4 GT/s QPI,170 W,No,,,,,,Yes,,,,95 C,Yes,Yes,,,,,,,Yes,,,,,
Intel Xeon Processor W Family,Server,9550,$3,750,4,8,2.40 GHz,,32 MB,6.4 GT/s QPI,170 W,No,,,,,,Yes,,,,95 C,Yes,Yes,,,,,,,Yes,,,,,
Intel Xeon Scalable Processors,Server,9560,$4,650,8,16,2.53 GHz,,32 MB,6.4 GT/s QPI,170 W,No,,,,,,Yes,,,,95 C,Yes,Yes,,,,,,,Yes,,,,,
Intel Xeon Scalable Processors,Server,E7-2850V2,N/A,12,24,2.30 GHz,2.80 GHz,24 MB,7.2 GT/s QPI,105 W,No,Yes,1.54 TB,DDR3 1066/1333/1600,4,68 GB/s,Yes,3,x4, x8, x16,32,68Â°C,Yes,Yes,Yes,64-bit,AVX,Yes,Yes,Yes,Yes,,,,
Intel Xeon Scalable Processors,Server,E7-4809V3,$1,223,8,16,2.00 GHz,,20 MB Last Level Cache,6.4 GT/s QPI,115 W,No,Yes,1.54 TB,"DDR4-1333/1600/1866,
DDR3-1066/1333",4,85 GB/s,Yes,3,x4, x8, x16,32,70Â°C,Yes,Yes,Yes,64-bit,AVX 2.0,Yes,Yes,Yes,Yes,,,
Intel Xeon Scalable Processors,Server,E7-4809V4,$1,223,8,16,2.10 GHz,,20 MB,6.4 GT/s QPI,115 W,No,Yes,3.07 TB,DDR4-1333/1600/1866   DDR3-1066/1333,4,85 GB/s,Yes,3,x4, x8, x16,32,69Â°C,Yes,Yes,Yes,64-bit,AVX 2.0,Yes,Yes,Yes,Yes,,,
Intel Xeon Scalable Processors,Server,3104,$213.00 - $223.00,6,6,1.70 GHz,,8.25 MB L3,,85 W,No,Yes,768 GB,DDR4-2133,6,,Yes,3,,48,78Â°C,No,Yes,Yes,,Intel SSE4.2, Intel AVX, Intel AVX2, Intel AVX-512,,,,Yes,,,
Intel Xeon Scalable Processors,Server,D1507,$103.00 ,2,2,1.20 GHz,,3 MB,,20 W,Yes,Yes,128 GB,DDR4, DDR3,2,,Yes,2.0/3.0,x4 x8 x16,32,,No,Yes,Yes,64-bit,AVX 2.0,Yes,Yes,Yes,Yes,,,,,
Intel Xeon Scalable Processors,Server,D1508,$129.00 ,2,4,2.20 GHz,2.60 GHz,3 MB,,25 W,Yes,Yes,128 GB,DDR4, DDR3,2,,Yes,2.0/3.0,x4 x8 x16,32,,Yes,Yes,Yes,64-bit,AVX 2.0,Yes,Yes,Yes,Yes,,,,,
Intel Xeon Scalable Processors,Server,D1509,$156.00 ,2,2,1.50 GHz,,3 MB,,19 W,Yes,Yes,128 GB,DDR4, DDR3,2,,Yes,2.0/3.0,x4 x8 x16,32,,No,Yes,Yes,64-bit,AVX 2.0,Yes,Yes,Yes,Yes,,,,,
Intel Xeon Scalable Processors,Server,D1517,$194.00 ,4,8,1.60 GHz,2.20 GHz,6 MB,,25 W,Yes,Yes,128 GB,DDR4, DDR3,2,,Yes,2.0/3.0,x4 x8 x16,32,,Yes,Yes,Yes,64-bit,AVX 2.0,Yes,Yes,Yes,Yes,,,,,
Intel Xeon Scalable Processors,Server,D1519,$200.00 ,4,8,1.50 GHz,2.10 GHz,6 MB,,25 W,Yes,Yes,128 GB,DDR4, DDR3,2,,Yes,2.0/3.0,x4 x8 x16,32,,Yes,Yes,Yes,64-bit,AVX 2.0,Yes,Yes,Yes,Yes,,,,,
Intel Xeon Scalable Processors,Server,3106,$306.00 - $316.00,8,8,1.70 GHz,,11 MB L3,,85 W,Yes,Yes,768 GB,DDR4-2133,6,,Yes,3,,48,77Â°C,No,Yes,Yes,,Intel SSE4.2, Intel AVX, Intel AVX2, Intel AVX-512,,,,Yes,,,
Intel Xeon Scalable Processors,Server,4108,$417.00 - $427.00,8,16,1.80 GHz,3.00 GHz,11 MB L3,,85 W,No,Yes,768 GB,DDR4-2400,6,,Yes,3,,48,77Â°C,Yes,Yes,Yes,,Intel SSE4.2, Intel AVX, Intel AVX2, Intel AVX-512,,,,Yes,,,
Intel Xeon Scalable Processors,Server,4109T,$501.00 ,8,16,2.00 GHz,3.00 GHz,11 MB L3,,70 W,Yes,Yes,768 GB,DDR4-2400,6,,Yes,3,,48,90Â°C,Yes,Yes,Yes,,Intel SSE4.2, Intel AVX, Intel AVX2, Intel AVX-512,,,,Yes,,,
Intel Xeon Scalable Processors,Server,4110,$501.00 - $511.00,8,16,2.10 GHz,3.00 GHz,11 MB L3,,85 W,Yes,Yes,768 GB,DDR4-2400,6,,Yes,3,,48,77Â°C,Yes,Yes,Yes,,Intel SSE4.2, Intel AVX, Intel AVX2, Intel AVX-512,,,,Yes,,,
Intel Xeon Scalable Processors,Server,4112,$473.00 - $483.00,4,8,2.60 GHz,3.00 GHz,8.25 MB L3,,85 W,No,Yes,768 GB,DDR4-2400,6,,Yes,3,,48,76Â°C,Yes,Yes,Yes,,Intel SSE4.2, Intel AVX, Intel AVX2, Intel AVX-512,,,,Yes,,,
Intel Xeon Scalable Processors,Server,4114T,$773.00 ,10,20,2.20 GHz,3.00 GHz,13.75 MB L3,,85 W,Yes,Yes,768 GB,DDR4-2400,6,,Yes,3,,48,92Â°C,Yes,Yes,Yes,,Intel SSE4.2, Intel AVX, Intel AVX2, Intel AVX-512,,,,Yes,,,
Intel Xeon Scalable Processors,Server,4114,$694.00 - $704.00,10,20,2.20 GHz,3.00 GHz,13.75 MB L3,,85 W,No,Yes,768 GB,DDR4-2400,6,,Yes,3,,48,78Â°C,Yes,Yes,Yes,,Intel SSE4.2, Intel AVX, Intel AVX2, Intel AVX-512,,,,Yes,,,
Intel Xeon Scalable Processors,Server,4116,$1002.00 - $1012.00,12,24,2.10 GHz,3.00 GHz,16.5 MB L3,,85 W,Yes,Yes,768 GB,DDR4-2400,6,,Yes,3,,48,76Â°C,Yes,Yes,Yes,,Intel SSE4.2, Intel AVX, Intel AVX2, Intel AVX-512,,,,Yes,,,
Intel Xeon Scalable Processors,Server,5115,$1,221,10,20,2.40 GHz,3.20 GHz,13.75 MB L3,,85 W,No,Yes,768 GB,DDR4-2400,6,,Yes,3,,48,76Â°C,Yes,Yes,Yes,,Intel SSE4.2, Intel AVX, Intel AVX2, Intel AVX-512,,,,Yes,,
Intel Xeon Scalable Processors,Server,5118,$1,273,12,24,2.30 GHz,3.20 GHz,16.5 MB L3,,105 W,Yes,Yes,768 GB,DDR4-2400,6,,Yes,3,,48,81Â°C,Yes,Yes,Yes,,Intel SSE4.2, Intel AVX, Intel AVX2, Intel AVX-512,,,,Yes,,
Intel Xeon Scalable Processors,Server,5120,$1555.00 - $1561.00,14,28,2.20 GHz,3.20 GHz,19.25 MB L3,,105 W,No,Yes,768 GB,DDR4-2400,6,,Yes,3,,48,81Â°C,Yes,Yes,Yes,,Intel SSE4.2, Intel AVX, Intel AVX2, Intel AVX-512,,,,Yes,,,
Intel Xeon Scalable Processors,Server,5122,$1221.00 - $1227.00,4,8,3.60 GHz,3.70 GHz,16.5 MB L3,,105 W,No,Yes,768 GB,DDR4-2666,6,,Yes,3,,48,71Â°C,Yes,Yes,Yes,,Intel SSE4.2, Intel AVX, Intel AVX2, Intel AVX-512,,,,Yes,,,
Intel Xeon Scalable Processors,Server,5120T,$1,727,14,28,2.20 GHz,3.20 GHz,19.25 MB L3,,105 W,Yes,Yes,768 GB,DDR4-2400,6,,Yes,3,,48,89Â°C,Yes,Yes,Yes,,Intel SSE4.2, Intel AVX, Intel AVX2, Intel AVX-512,,,,Yes,,
Intel Xeon Scalable Processors,Server,6126,$1,776,12,24,2.60 GHz,3.70 GHz,19.25 MB L3,,125 W,Yes,Yes,768 GB,DDR4-2666,6,,Yes,3,,48,86Â°C,Yes,Yes,Yes,,Intel SSE4.2, Intel AVX, Intel AVX2, Intel AVX-512,,,,Yes,,
Intel Xeon Scalable Processors,Server,6126F,$1,931,12,24,2.60 GHz,3.70 GHz,19.25 MB L3,,135 W,No,Yes,768 GB,DDR4-2666,6,,Yes,3,,48,86Â°C,Yes,Yes,Yes,,Intel SSE4.2, Intel AVX, Intel AVX2, Intel AVX-512,,,,Yes,,
Intel Xeon Scalable Processors,Server,6126T,$1,865,12,24,2.60 GHz,3.70 GHz,19.25 MB L3,,125 W,Yes,Yes,768 GB,DDR4-2666,6,,Yes,3,,48,89Â°C,Yes,Yes,Yes,,Intel SSE4.2, Intel AVX, Intel AVX2, Intel AVX-512,,,,Yes,,
Intel Xeon Scalable Processors,Server,6128,$1691.00 - $1697.00,6,12,3.40 GHz,3.70 GHz,19.25 MB L3,,115 W,No,Yes,768 GB,DDR4-2666,6,,Yes,3,,48,74Â°C,Yes,Yes,Yes,,Intel SSE4.2, Intel AVX, Intel AVX2, Intel AVX-512,,,,Yes,,,
Intel Xeon Scalable Processors,Server,6130,$1894.00 - $1900.00,16,32,2.10 GHz,3.70 GHz,22 MB L3,,125 W,Yes,Yes,768 GB,DDR4-2666,6,,Yes,3,,48,87Â°C,Yes,Yes,Yes,,Intel SSE4.2, Intel AVX, Intel AVX2, Intel AVX-512,,,,Yes,,,
Intel Xeon Scalable Processors,Server,6130F,$2,49,16,32,2.10 GHz,3.70 GHz,22 MB L3,,135 W,No,Yes,768 GB,DDR4-2666,6,,Yes,3,,48,87Â°C,Yes,Yes,Yes,,Intel SSE4.2, Intel AVX, Intel AVX2, Intel AVX-512,,,,Yes,,
Intel Xeon Scalable Processors,Server,6130T,$1,988,16,32,2.10 GHz,3.70 GHz,22 MB L3,,125 W,Yes,Yes,768 GB,DDR4-2666,6,,Yes,3,,48,92Â°C,Yes,Yes,Yes,,Intel SSE4.2, Intel AVX, Intel AVX2, Intel AVX-512,,,,Yes,,
Intel Xeon Scalable Processors,Server,6132,$2,111,14,28,2.60 GHz,3.70 GHz,19.25 MB L3,,140 W,No,Yes,768 GB,DDR4-2666,6,,Yes,3,,48,86Â°C,Yes,Yes,Yes,,Intel SSE4.2, Intel AVX, Intel AVX2, Intel AVX-512,,,,Yes,,
Intel Xeon Scalable Processors,Server,6134M,$5,217,8,16,3.20 GHz,3.70 GHz,24.75 MB L3,,130 W,No,Yes,1.5 TB,DDR4-2666,6,,Yes,3,,48,79Â°C,Yes,Yes,Yes,,Intel SSE4.2, Intel AVX, Intel AVX2, Intel AVX-512,,,,Yes,,
Intel Xeon Scalable Processors,Server,6134,$2214.00 - $2220.00,8,16,3.20 GHz,3.70 GHz,24.75 MB L3,,130 W,No,Yes,768 GB,DDR4-2666,6,,Yes,3,,48,79Â°C,Yes,Yes,Yes,,Intel SSE4.2, Intel AVX, Intel AVX2, Intel AVX-512,,,,Yes,,,
Intel Xeon Scalable Processors,Server,6136,$2,460,12,24,3.00 GHz,3.70 GHz,24.75 MB L3,,150 W,No,Yes,768 GB,DDR4-2666,6,,Yes,3,,48,85Â°C,Yes,Yes,Yes,,Intel SSE4.2, Intel AVX, Intel AVX2, Intel AVX-512,,,,Yes,,
Intel Xeon Scalable Processors,Server,6138,$2612.00 - $2618.00,20,40,2.00 GHz,3.70 GHz,27.5 MB L3,,125 W,Yes,Yes,768 GB,DDR4-2666,6,,Yes,3,,48,86Â°C,Yes,Yes,Yes,,Intel SSE4.2, Intel AVX, Intel AVX2, Intel AVX-512,,,,Yes,,,
Intel Xeon Scalable Processors,Server,6138F,$2,767,20,40,2.00 GHz,3.70 GHz,27.5 MB L3,,135 W,No,Yes,768 GB,DDR4-2666,6,,Yes,3,,48,87Â°C,Yes,Yes,Yes,,Intel SSE4.2, Intel AVX, Intel AVX2, Intel AVX-512,,,,Yes,,
Intel Xeon Scalable Processors,Server,6138T,$2,742,20,40,2.00 GHz,3.70 GHz,27.5 MB L3,,125 W,Yes,Yes,768 GB,DDR4-2666,6,,Yes,3,,48,94Â°C,Yes,Yes,Yes,,Intel SSE4.2, Intel AVX, Intel AVX2, Intel AVX-512,,,,Yes,,
Intel Xeon Scalable Processors,Server,6140,$2445.00 - $2451.00,18,36,2.30 GHz,3.70 GHz,24.75 MB L3,,140 W,No,Yes,768 GB,DDR4-2666,6,,Yes,3,,48,91Â°C,Yes,Yes,Yes,,Intel SSE4.2, Intel AVX, Intel AVX2, Intel AVX-512,,,,Yes,,,
Intel Xeon Scalable Processors,Server,6140M,$5,448,18,36,2.30 GHz,3.70 GHz,24.75 MB L3,,140 W,No,Yes,1.5 TB,DDR4-2666,6,,Yes,3,,48,91Â°C,Yes,Yes,Yes,,Intel SSE4.2, Intel AVX, Intel AVX2, Intel AVX-512,,,,Yes,,
Intel Xeon Scalable Processors,Server,6142,$2946.00 - $2952.00,16,32,2.60 GHz,3.70 GHz,22 MB L3,,150 W,No,Yes,768 GB,DDR4-2666,6,,Yes,3,,48,85Â°C,Yes,Yes,Yes,,Intel SSE4.2, Intel AVX, Intel AVX2, Intel AVX-512,,,,Yes,,,
Intel Xeon Scalable Processors,Server,6142M,$5,949,16,32,2.60 GHz,3.70 GHz,22 MB L3,,150 W,No,Yes,1.5 TB,DDR4-2666,6,,Yes,3,,48,85Â°C,Yes,Yes,Yes,,Intel SSE4.2, Intel AVX, Intel AVX2, Intel AVX-512,,,,Yes,,
Intel Xeon Scalable Processors,Server,6144,$2,925,8,16,3.50 GHz,4.20 GHz,24.75 MB L3,,150 W,No,Yes,768 GB,DDR4-2666,6,,Yes,3,,48,75Â°C,Yes,Yes,Yes,,Intel SSE4.2, Intel AVX, Intel AVX2, Intel AVX-512,,,,Yes,,
Intel Xeon Scalable Processors,Server,6142F,$3,101,16,32,2.60 GHz,3.70 GHz,22 MB L3,,160 W,No,Yes,768 GB,DDR4-2666,6,,Yes,3,,48,87Â°C,Yes,Yes,Yes,,Intel SSE4.2, Intel AVX, Intel AVX2, Intel AVX-512,,,,Yes,,
Intel Xeon Scalable Processors,Server,6146,$3,286,12,24,3.20 GHz,4.20 GHz,24.75 MB L3,,165 W,No,Yes,768 GB,DDR4-2666,6,,Yes,3,,48,76Â°C,Yes,Yes,Yes,,Intel SSE4.2, Intel AVX, Intel AVX2, Intel AVX-512,,,,Yes,,
Intel Xeon Scalable Processors,Server,6148,$3072.00 - $3078.00,20,40,2.40 GHz,3.70 GHz,27.5 MB L3,,150 W,No,Yes,768 GB,DDR4-2666,6,,Yes,3,,48,86Â°C,Yes,Yes,Yes,,Intel SSE4.2, Intel AVX, Intel AVX2, Intel AVX-512,,,,Yes,,,
Intel Xeon Scalable Processors,Server,6148F,$3,227,20,40,2.40 GHz,3.70 GHz,27.5 MB L3,,160 W,No,Yes,768 GB,DDR4-2666,6,,Yes,3,,48,87Â°C,Yes,Yes,Yes,,Intel SSE4.2, Intel AVX, Intel AVX2, Intel AVX-512,,,,Yes,,
Intel Xeon Scalable Processors,Server,6150,$3,358,18,36,2.70 GHz,3.70 GHz,24.75 MB L3,,165 W,No,Yes,768 GB,DDR4-2666,6,,Yes,3,,48,89Â°C,Yes,Yes,Yes,,Intel SSE4.2, Intel AVX, Intel AVX2, Intel AVX-512,,,,Yes,,
Intel Xeon Scalable Processors,Server,6152,$3655.00 - $3661.00,22,44,2.10 GHz,3.70 GHz,30.25 MB L3,,140 W,No,Yes,768 GB,DDR4-2666,6,,Yes,3,,48,92Â°C,Yes,Yes,Yes,,Intel SSE4.2, Intel AVX, Intel AVX2, Intel AVX-512,,,,Yes,,,
Intel Xeon Scalable Processors,Server,6154,$3,543,18,36,3.00 GHz,3.70 GHz,24.75 MB L3,,200 W,No,Yes,768 GB,DDR4-2666,6,,Yes,3,,48,82Â°C,Yes,Yes,Yes,,Intel SSE4.2, Intel AVX, Intel AVX2, Intel AVX-512,,,,Yes,,
Intel Xeon Scalable Processors,Server,8153,$3,115,16,32,2.00 GHz,2.80 GHz,22 MB L3,,125 W,No,Yes,768 GB,DDR4-2666,6,,Yes,3,,48,87Â°C,Yes,Yes,Yes,,Intel SSE4.2, Intel AVX, Intel AVX2, Intel AVX-512,,,,Yes,,
Intel Xeon Scalable Processors,Server,8156,$7,7,4,8,3.60 GHz,3.70 GHz,16.5 MB L3,,105 W,No,Yes,768 GB,DDR4-2666,6,,Yes,3,,48,71Â°C,Yes,Yes,Yes,,Intel SSE4.2, Intel AVX, Intel AVX2, Intel AVX-512,,,,Yes,,
Intel Xeon Scalable Processors,Server,8158,$7,7,12,24,3.00 GHz,3.70 GHz,24.75 MB L3,,150 W,No,Yes,768 GB,DDR4-2666,6,,Yes,3,,48,85Â°C,Yes,Yes,Yes,,Intel SSE4.2, Intel AVX, Intel AVX2, Intel AVX-512,,,,Yes,,
Intel Xeon Scalable Processors,Server,8160,$4702.00 - $4708.00,24,48,2.10 GHz,3.70 GHz,33 MB L3,,150 W,No,Yes,768 GB,DDR4-2666,6,,Yes,3,,48,85Â°C,Yes,Yes,Yes,,Intel SSE4.2, Intel AVX, Intel AVX2, Intel AVX-512,,,,Yes,,,
Intel Xeon Scalable Processors,Server,8160F,$4,856,24,48,2.10 GHz,3.70 GHz,33 MB L3,,160 W,No,Yes,768 GB,DDR4-2666,6,,Yes,3,,48,87Â°C,Yes,Yes,Yes,,Intel SSE4.2, Intel AVX, Intel AVX2, Intel AVX-512,,,,Yes,,
Intel Xeon Scalable Processors,Server,8160T,$4,936,24,48,2.10 GHz,3.70 GHz,33 MB L3,,150 W,Yes,Yes,768 GB,DDR4-2666,6,,Yes,3,,48,93Â°C,Yes,Yes,Yes,,Intel SSE4.2, Intel AVX, Intel AVX2, Intel AVX-512,,,,Yes,,
Intel Xeon Scalable Processors,Server,8160M,$7,704,24,48,2.10 GHz,3.70 GHz,33 MB L3,,150 W,No,Yes,1.5 TB,DDR4-2666,6,,Yes,3,,48,85Â°C,Yes,Yes,Yes,,Intel SSE4.2, Intel AVX, Intel AVX2, Intel AVX-512,,,,Yes,,
